email,password,system_id,doc_id,role
juan.garcia1001@example.com,ChangeMe1001!,STU-2026-1001,stu-1001,student
jose.lopez1002@example.com,ChangeMe1002!,STU-2026-1002,stu-1002,student
miguel.cruz1003@example.com,ChangeMe1003!,STU-2026-1003,stu-1003,student
antonio.ramos1004@example.com,ChangeMe1004!,STU-2026-1004,stu-1004,student
carlos.torres1005@example.com,ChangeMe1005!,STU-2026-1005,stu-1005,student
mark.gonzales1006@example.com,ChangeMe1006!,STU-2026-1006,stu-1006,student
john.morales1007@example.com,ChangeMe1007!,STU-2026-1007,stu-1007,student
michael.diaz1008@example.com,ChangeMe1008!,STU-2026-1008,stu-1008,student
daniel.herrera1009@example.com,ChangeMe1009!,STU-2026-1009,stu-1009,student
luis.alvarez1010@example.com,ChangeMe1010!,STU-2026-1010,stu-1010,student
maria.navarro1011@example.com,ChangeMe1011!,STU-2026-1011,stu-1011,student
ana.vargas1012@example.com,ChangeMe1012!,STU-2026-1012,stu-1012,student
kristine.flores1013@example.com,ChangeMe1013!,STU-2026-1013,stu-1013,student
jessa.perez1014@example.com,ChangeMe1014!,STU-2026-1014,stu-1014,student
rosa.ortiz1015@example.com,ChangeMe1015!,STU-2026-1015,stu-1015,student
cecilia.silva1016@example.com,ChangeMe1016!,STU-2026-1016,stu-1016,student
grace.velasco1017@example.com,ChangeMe1017!,STU-2026-1017,stu-1017,student
liza.dela.cruz1018@example.com,ChangeMe1018!,STU-2026-1018,stu-1018,student
mariel.santos1019@example.com,ChangeMe1019!,STU-2026-1019,stu-1019,student
patricia.reyes1020@example.com,ChangeMe1020!,STU-2026-1020,stu-1020,student
juan.garcia1021@example.com,ChangeMe1021!,STU-2026-1021,stu-1021,student
jose.lopez1022@example.com,ChangeMe1022!,STU-2026-1022,stu-1022,student
miguel.cruz1023@example.com,ChangeMe1023!,STU-2026-1023,stu-1023,student
antonio.ramos1024@example.com,ChangeMe1024!,STU-2026-1024,stu-1024,student
carlos.torres1025@example.com,ChangeMe1025!,STU-2026-1025,stu-1025,student
mark.gonzales1026@example.com,ChangeMe1026!,STU-2026-1026,stu-1026,student
john.morales1027@example.com,ChangeMe1027!,STU-2026-1027,stu-1027,student
michael.diaz1028@example.com,ChangeMe1028!,STU-2026-1028,stu-1028,student
daniel.herrera1029@example.com,ChangeMe1029!,STU-2026-1029,stu-1029,student
luis.alvarez1030@example.com,ChangeMe1030!,STU-2026-1030,stu-1030,student
maria.navarro1031@example.com,ChangeMe1031!,STU-2026-1031,stu-1031,student
ana.vargas1032@example.com,ChangeMe1032!,STU-2026-1032,stu-1032,student
kristine.flores1033@example.com,ChangeMe1033!,STU-2026-1033,stu-1033,student
jessa.perez1034@example.com,ChangeMe1034!,STU-2026-1034,stu-1034,student
rosa.ortiz1035@example.com,ChangeMe1035!,STU-2026-1035,stu-1035,student
cecilia.silva1036@example.com,ChangeMe1036!,STU-2026-1036,stu-1036,student
grace.velasco1037@example.com,ChangeMe1037!,STU-2026-1037,stu-1037,student
liza.dela.cruz1038@example.com,ChangeMe1038!,STU-2026-1038,stu-1038,student
mariel.santos1039@example.com,ChangeMe1039!,STU-2026-1039,stu-1039,student
patricia.reyes1040@example.com,ChangeMe1040!,STU-2026-1040,stu-1040,student
juan.garcia1041@example.com,ChangeMe1041!,STU-2026-1041,stu-1041,student
jose.lopez1042@example.com,ChangeMe1042!,STU-2026-1042,stu-1042,student
miguel.cruz1043@example.com,ChangeMe1043!,STU-2026-1043,stu-1043,student
antonio.ramos1044@example.com,ChangeMe1044!,STU-2026-1044,stu-1044,student
carlos.torres1045@example.com,ChangeMe1045!,STU-2026-1045,stu-1045,student
mark.gonzales1046@example.com,ChangeMe1046!,STU-2026-1046,stu-1046,student
john.morales1047@example.com,ChangeMe1047!,STU-2026-1047,stu-1047,student
michael.diaz1048@example.com,ChangeMe1048!,STU-2026-1048,stu-1048,student
daniel.herrera1049@example.com,ChangeMe1049!,STU-2026-1049,stu-1049,student
luis.alvarez1050@example.com,ChangeMe1050!,STU-2026-1050,stu-1050,student
maria.navarro1051@example.com,ChangeMe1051!,STU-2026-1051,stu-1051,student
ana.vargas1052@example.com,ChangeMe1052!,STU-2026-1052,stu-1052,student
kristine.flores1053@example.com,ChangeMe1053!,STU-2026-1053,stu-1053,student
jessa.perez1054@example.com,ChangeMe1054!,STU-2026-1054,stu-1054,student
rosa.ortiz1055@example.com,ChangeMe1055!,STU-2026-1055,stu-1055,student
cecilia.silva1056@example.com,ChangeMe1056!,STU-2026-1056,stu-1056,student
grace.velasco1057@example.com,ChangeMe1057!,STU-2026-1057,stu-1057,student
liza.dela.cruz1058@example.com,ChangeMe1058!,STU-2026-1058,stu-1058,student
mariel.santos1059@example.com,ChangeMe1059!,STU-2026-1059,stu-1059,student
patricia.reyes1060@example.com,ChangeMe1060!,STU-2026-1060,stu-1060,student
juan.garcia1061@example.com,ChangeMe1061!,STU-2026-1061,stu-1061,student
jose.lopez1062@example.com,ChangeMe1062!,STU-2026-1062,stu-1062,student
miguel.cruz1063@example.com,ChangeMe1063!,STU-2026-1063,stu-1063,student
antonio.ramos1064@example.com,ChangeMe1064!,STU-2026-1064,stu-1064,student
carlos.torres1065@example.com,ChangeMe1065!,STU-2026-1065,stu-1065,student
mark.gonzales1066@example.com,ChangeMe1066!,STU-2026-1066,stu-1066,student
john.morales1067@example.com,ChangeMe1067!,STU-2026-1067,stu-1067,student
michael.diaz1068@example.com,ChangeMe1068!,STU-2026-1068,stu-1068,student
daniel.herrera1069@example.com,ChangeMe1069!,STU-2026-1069,stu-1069,student
luis.alvarez1070@example.com,ChangeMe1070!,STU-2026-1070,stu-1070,student
maria.navarro1071@example.com,ChangeMe1071!,STU-2026-1071,stu-1071,student
ana.vargas1072@example.com,ChangeMe1072!,STU-2026-1072,stu-1072,student
kristine.flores1073@example.com,ChangeMe1073!,STU-2026-1073,stu-1073,student
jessa.perez1074@example.com,ChangeMe1074!,STU-2026-1074,stu-1074,student
rosa.ortiz1075@example.com,ChangeMe1075!,STU-2026-1075,stu-1075,student
cecilia.silva1076@example.com,ChangeMe1076!,STU-2026-1076,stu-1076,student
grace.velasco1077@example.com,ChangeMe1077!,STU-2026-1077,stu-1077,student
liza.dela.cruz1078@example.com,ChangeMe1078!,STU-2026-1078,stu-1078,student
mariel.santos1079@example.com,ChangeMe1079!,STU-2026-1079,stu-1079,student
patricia.reyes1080@example.com,ChangeMe1080!,STU-2026-1080,stu-1080,student
juan.garcia1081@example.com,ChangeMe1081!,STU-2026-1081,stu-1081,student
jose.lopez1082@example.com,ChangeMe1082!,STU-2026-1082,stu-1082,student
miguel.cruz1083@example.com,ChangeMe1083!,STU-2026-1083,stu-1083,student
antonio.ramos1084@example.com,ChangeMe1084!,STU-2026-1084,stu-1084,student
carlos.torres1085@example.com,ChangeMe1085!,STU-2026-1085,stu-1085,student
mark.gonzales1086@example.com,ChangeMe1086!,STU-2026-1086,stu-1086,student
john.morales1087@example.com,ChangeMe1087!,STU-2026-1087,stu-1087,student
michael.diaz1088@example.com,ChangeMe1088!,STU-2026-1088,stu-1088,student
daniel.herrera1089@example.com,ChangeMe1089!,STU-2026-1089,stu-1089,student
luis.alvarez1090@example.com,ChangeMe1090!,STU-2026-1090,stu-1090,student
maria.navarro1091@example.com,ChangeMe1091!,STU-2026-1091,stu-1091,student
ana.vargas1092@example.com,ChangeMe1092!,STU-2026-1092,stu-1092,student
kristine.flores1093@example.com,ChangeMe1093!,STU-2026-1093,stu-1093,student
jessa.perez1094@example.com,ChangeMe1094!,STU-2026-1094,stu-1094,student
rosa.ortiz1095@example.com,ChangeMe1095!,STU-2026-1095,stu-1095,student
cecilia.silva1096@example.com,ChangeMe1096!,STU-2026-1096,stu-1096,student
grace.velasco1097@example.com,ChangeMe1097!,STU-2026-1097,stu-1097,student
liza.dela.cruz1098@example.com,ChangeMe1098!,STU-2026-1098,stu-1098,student
mariel.santos1099@example.com,ChangeMe1099!,STU-2026-1099,stu-1099,student
patricia.reyes1100@example.com,ChangeMe1100!,STU-2026-1100,stu-1100,student
juan.garcia1101@example.com,ChangeMe1101!,STU-2026-1101,stu-1101,student
jose.lopez1102@example.com,ChangeMe1102!,STU-2026-1102,stu-1102,student
miguel.cruz1103@example.com,ChangeMe1103!,STU-2026-1103,stu-1103,student
antonio.ramos1104@example.com,ChangeMe1104!,STU-2026-1104,stu-1104,student
carlos.torres1105@example.com,ChangeMe1105!,STU-2026-1105,stu-1105,student
mark.gonzales1106@example.com,ChangeMe1106!,STU-2026-1106,stu-1106,student
john.morales1107@example.com,ChangeMe1107!,STU-2026-1107,stu-1107,student
michael.diaz1108@example.com,ChangeMe1108!,STU-2026-1108,stu-1108,student
daniel.herrera1109@example.com,ChangeMe1109!,STU-2026-1109,stu-1109,student
luis.alvarez1110@example.com,ChangeMe1110!,STU-2026-1110,stu-1110,student
maria.navarro1111@example.com,ChangeMe1111!,STU-2026-1111,stu-1111,student
ana.vargas1112@example.com,ChangeMe1112!,STU-2026-1112,stu-1112,student
kristine.flores1113@example.com,ChangeMe1113!,STU-2026-1113,stu-1113,student
jessa.perez1114@example.com,ChangeMe1114!,STU-2026-1114,stu-1114,student
rosa.ortiz1115@example.com,ChangeMe1115!,STU-2026-1115,stu-1115,student
cecilia.silva1116@example.com,ChangeMe1116!,STU-2026-1116,stu-1116,student
grace.velasco1117@example.com,ChangeMe1117!,STU-2026-1117,stu-1117,student
liza.dela.cruz1118@example.com,ChangeMe1118!,STU-2026-1118,stu-1118,student
mariel.santos1119@example.com,ChangeMe1119!,STU-2026-1119,stu-1119,student
patricia.reyes1120@example.com,ChangeMe1120!,STU-2026-1120,stu-1120,student
juan.garcia1121@example.com,ChangeMe1121!,STU-2026-1121,stu-1121,student
jose.lopez1122@example.com,ChangeMe1122!,STU-2026-1122,stu-1122,student
miguel.cruz1123@example.com,ChangeMe1123!,STU-2026-1123,stu-1123,student
antonio.ramos1124@example.com,ChangeMe1124!,STU-2026-1124,stu-1124,student
carlos.torres1125@example.com,ChangeMe1125!,STU-2026-1125,stu-1125,student
mark.gonzales1126@example.com,ChangeMe1126!,STU-2026-1126,stu-1126,student
john.morales1127@example.com,ChangeMe1127!,STU-2026-1127,stu-1127,student
michael.diaz1128@example.com,ChangeMe1128!,STU-2026-1128,stu-1128,student
daniel.herrera1129@example.com,ChangeMe1129!,STU-2026-1129,stu-1129,student
luis.alvarez1130@example.com,ChangeMe1130!,STU-2026-1130,stu-1130,student
maria.navarro1131@example.com,ChangeMe1131!,STU-2026-1131,stu-1131,student
ana.vargas1132@example.com,ChangeMe1132!,STU-2026-1132,stu-1132,student
kristine.flores1133@example.com,ChangeMe1133!,STU-2026-1133,stu-1133,student
jessa.perez1134@example.com,ChangeMe1134!,STU-2026-1134,stu-1134,student
rosa.ortiz1135@example.com,ChangeMe1135!,STU-2026-1135,stu-1135,student
cecilia.silva1136@example.com,ChangeMe1136!,STU-2026-1136,stu-1136,student
grace.velasco1137@example.com,ChangeMe1137!,STU-2026-1137,stu-1137,student
liza.dela.cruz1138@example.com,ChangeMe1138!,STU-2026-1138,stu-1138,student
mariel.santos1139@example.com,ChangeMe1139!,STU-2026-1139,stu-1139,student
patricia.reyes1140@example.com,ChangeMe1140!,STU-2026-1140,stu-1140,student
juan.garcia1141@example.com,ChangeMe1141!,STU-2026-1141,stu-1141,student
jose.lopez1142@example.com,ChangeMe1142!,STU-2026-1142,stu-1142,student
miguel.cruz1143@example.com,ChangeMe1143!,STU-2026-1143,stu-1143,student
antonio.ramos1144@example.com,ChangeMe1144!,STU-2026-1144,stu-1144,student
carlos.torres1145@example.com,ChangeMe1145!,STU-2026-1145,stu-1145,student
mark.gonzales1146@example.com,ChangeMe1146!,STU-2026-1146,stu-1146,student
john.morales1147@example.com,ChangeMe1147!,STU-2026-1147,stu-1147,student
michael.diaz1148@example.com,ChangeMe1148!,STU-2026-1148,stu-1148,student
daniel.herrera1149@example.com,ChangeMe1149!,STU-2026-1149,stu-1149,student
luis.alvarez1150@example.com,ChangeMe1150!,STU-2026-1150,stu-1150,student
maria.navarro1151@example.com,ChangeMe1151!,STU-2026-1151,stu-1151,student
ana.vargas1152@example.com,ChangeMe1152!,STU-2026-1152,stu-1152,student
kristine.flores1153@example.com,ChangeMe1153!,STU-2026-1153,stu-1153,student
jessa.perez1154@example.com,ChangeMe1154!,STU-2026-1154,stu-1154,student
rosa.ortiz1155@example.com,ChangeMe1155!,STU-2026-1155,stu-1155,student
cecilia.silva1156@example.com,ChangeMe1156!,STU-2026-1156,stu-1156,student
grace.velasco1157@example.com,ChangeMe1157!,STU-2026-1157,stu-1157,student
liza.dela.cruz1158@example.com,ChangeMe1158!,STU-2026-1158,stu-1158,student
mariel.santos1159@example.com,ChangeMe1159!,STU-2026-1159,stu-1159,student
patricia.reyes1160@example.com,ChangeMe1160!,STU-2026-1160,stu-1160,student
juan.garcia1161@example.com,ChangeMe1161!,STU-2026-1161,stu-1161,student
jose.lopez1162@example.com,ChangeMe1162!,STU-2026-1162,stu-1162,student
miguel.cruz1163@example.com,ChangeMe1163!,STU-2026-1163,stu-1163,student
antonio.ramos1164@example.com,ChangeMe1164!,STU-2026-1164,stu-1164,student
carlos.torres1165@example.com,ChangeMe1165!,STU-2026-1165,stu-1165,student
mark.gonzales1166@example.com,ChangeMe1166!,STU-2026-1166,stu-1166,student
john.morales1167@example.com,ChangeMe1167!,STU-2026-1167,stu-1167,student
michael.diaz1168@example.com,ChangeMe1168!,STU-2026-1168,stu-1168,student
daniel.herrera1169@example.com,ChangeMe1169!,STU-2026-1169,stu-1169,student
luis.alvarez1170@example.com,ChangeMe1170!,STU-2026-1170,stu-1170,student
maria.navarro1171@example.com,ChangeMe1171!,STU-2026-1171,stu-1171,student
ana.vargas1172@example.com,ChangeMe1172!,STU-2026-1172,stu-1172,student
kristine.flores1173@example.com,ChangeMe1173!,STU-2026-1173,stu-1173,student
jessa.perez1174@example.com,ChangeMe1174!,STU-2026-1174,stu-1174,student
rosa.ortiz1175@example.com,ChangeMe1175!,STU-2026-1175,stu-1175,student
cecilia.silva1176@example.com,ChangeMe1176!,STU-2026-1176,stu-1176,student
grace.velasco1177@example.com,ChangeMe1177!,STU-2026-1177,stu-1177,student
liza.dela.cruz1178@example.com,ChangeMe1178!,STU-2026-1178,stu-1178,student
mariel.santos1179@example.com,ChangeMe1179!,STU-2026-1179,stu-1179,student
patricia.reyes1180@example.com,ChangeMe1180!,STU-2026-1180,stu-1180,student
juan.garcia1181@example.com,ChangeMe1181!,STU-2026-1181,stu-1181,student
jose.lopez1182@example.com,ChangeMe1182!,STU-2026-1182,stu-1182,student
miguel.cruz1183@example.com,ChangeMe1183!,STU-2026-1183,stu-1183,student
antonio.ramos1184@example.com,ChangeMe1184!,STU-2026-1184,stu-1184,student
carlos.torres1185@example.com,ChangeMe1185!,STU-2026-1185,stu-1185,student
mark.gonzales1186@example.com,ChangeMe1186!,STU-2026-1186,stu-1186,student
john.morales1187@example.com,ChangeMe1187!,STU-2026-1187,stu-1187,student
michael.diaz1188@example.com,ChangeMe1188!,STU-2026-1188,stu-1188,student
daniel.herrera1189@example.com,ChangeMe1189!,STU-2026-1189,stu-1189,student
luis.alvarez1190@example.com,ChangeMe1190!,STU-2026-1190,stu-1190,student
maria.navarro1191@example.com,ChangeMe1191!,STU-2026-1191,stu-1191,student
ana.vargas1192@example.com,ChangeMe1192!,STU-2026-1192,stu-1192,student
kristine.flores1193@example.com,ChangeMe1193!,STU-2026-1193,stu-1193,student
jessa.perez1194@example.com,ChangeMe1194!,STU-2026-1194,stu-1194,student
rosa.ortiz1195@example.com,ChangeMe1195!,STU-2026-1195,stu-1195,student
cecilia.silva1196@example.com,ChangeMe1196!,STU-2026-1196,stu-1196,student
grace.velasco1197@example.com,ChangeMe1197!,STU-2026-1197,stu-1197,student
liza.dela.cruz1198@example.com,ChangeMe1198!,STU-2026-1198,stu-1198,student
mariel.santos1199@example.com,ChangeMe1199!,STU-2026-1199,stu-1199,student
patricia.reyes1200@example.com,ChangeMe1200!,STU-2026-1200,stu-1200,student
juan.garcia1201@example.com,ChangeMe1201!,STU-2026-1201,stu-1201,student
jose.lopez1202@example.com,ChangeMe1202!,STU-2026-1202,stu-1202,student
miguel.cruz1203@example.com,ChangeMe1203!,STU-2026-1203,stu-1203,student
antonio.ramos1204@example.com,ChangeMe1204!,STU-2026-1204,stu-1204,student
carlos.torres1205@example.com,ChangeMe1205!,STU-2026-1205,stu-1205,student
mark.gonzales1206@example.com,ChangeMe1206!,STU-2026-1206,stu-1206,student
john.morales1207@example.com,ChangeMe1207!,STU-2026-1207,stu-1207,student
michael.diaz1208@example.com,ChangeMe1208!,STU-2026-1208,stu-1208,student
daniel.herrera1209@example.com,ChangeMe1209!,STU-2026-1209,stu-1209,student
luis.alvarez1210@example.com,ChangeMe1210!,STU-2026-1210,stu-1210,student
maria.navarro1211@example.com,ChangeMe1211!,STU-2026-1211,stu-1211,student
ana.vargas1212@example.com,ChangeMe1212!,STU-2026-1212,stu-1212,student
kristine.flores1213@example.com,ChangeMe1213!,STU-2026-1213,stu-1213,student
jessa.perez1214@example.com,ChangeMe1214!,STU-2026-1214,stu-1214,student
rosa.ortiz1215@example.com,ChangeMe1215!,STU-2026-1215,stu-1215,student
cecilia.silva1216@example.com,ChangeMe1216!,STU-2026-1216,stu-1216,student
grace.velasco1217@example.com,ChangeMe1217!,STU-2026-1217,stu-1217,student
liza.dela.cruz1218@example.com,ChangeMe1218!,STU-2026-1218,stu-1218,student
mariel.santos1219@example.com,ChangeMe1219!,STU-2026-1219,stu-1219,student
patricia.reyes1220@example.com,ChangeMe1220!,STU-2026-1220,stu-1220,student
juan.garcia1221@example.com,ChangeMe1221!,STU-2026-1221,stu-1221,student
jose.lopez1222@example.com,ChangeMe1222!,STU-2026-1222,stu-1222,student
miguel.cruz1223@example.com,ChangeMe1223!,STU-2026-1223,stu-1223,student
antonio.ramos1224@example.com,ChangeMe1224!,STU-2026-1224,stu-1224,student
carlos.torres1225@example.com,ChangeMe1225!,STU-2026-1225,stu-1225,student
mark.gonzales1226@example.com,ChangeMe1226!,STU-2026-1226,stu-1226,student
john.morales1227@example.com,ChangeMe1227!,STU-2026-1227,stu-1227,student
michael.diaz1228@example.com,ChangeMe1228!,STU-2026-1228,stu-1228,student
daniel.herrera1229@example.com,ChangeMe1229!,STU-2026-1229,stu-1229,student
luis.alvarez1230@example.com,ChangeMe1230!,STU-2026-1230,stu-1230,student
maria.navarro1231@example.com,ChangeMe1231!,STU-2026-1231,stu-1231,student
ana.vargas1232@example.com,ChangeMe1232!,STU-2026-1232,stu-1232,student
kristine.flores1233@example.com,ChangeMe1233!,STU-2026-1233,stu-1233,student
jessa.perez1234@example.com,ChangeMe1234!,STU-2026-1234,stu-1234,student
rosa.ortiz1235@example.com,ChangeMe1235!,STU-2026-1235,stu-1235,student
cecilia.silva1236@example.com,ChangeMe1236!,STU-2026-1236,stu-1236,student
grace.velasco1237@example.com,ChangeMe1237!,STU-2026-1237,stu-1237,student
liza.dela.cruz1238@example.com,ChangeMe1238!,STU-2026-1238,stu-1238,student
mariel.santos1239@example.com,ChangeMe1239!,STU-2026-1239,stu-1239,student
patricia.reyes1240@example.com,ChangeMe1240!,STU-2026-1240,stu-1240,student
juan.garcia1241@example.com,ChangeMe1241!,STU-2026-1241,stu-1241,student
jose.lopez1242@example.com,ChangeMe1242!,STU-2026-1242,stu-1242,student
miguel.cruz1243@example.com,ChangeMe1243!,STU-2026-1243,stu-1243,student
antonio.ramos1244@example.com,ChangeMe1244!,STU-2026-1244,stu-1244,student
carlos.torres1245@example.com,ChangeMe1245!,STU-2026-1245,stu-1245,student
mark.gonzales1246@example.com,ChangeMe1246!,STU-2026-1246,stu-1246,student
john.morales1247@example.com,ChangeMe1247!,STU-2026-1247,stu-1247,student
michael.diaz1248@example.com,ChangeMe1248!,STU-2026-1248,stu-1248,student
daniel.herrera1249@example.com,ChangeMe1249!,STU-2026-1249,stu-1249,student
luis.alvarez1250@example.com,ChangeMe1250!,STU-2026-1250,stu-1250,student
maria.navarro1251@example.com,ChangeMe1251!,STU-2026-1251,stu-1251,student
ana.vargas1252@example.com,ChangeMe1252!,STU-2026-1252,stu-1252,student
kristine.flores1253@example.com,ChangeMe1253!,STU-2026-1253,stu-1253,student
jessa.perez1254@example.com,ChangeMe1254!,STU-2026-1254,stu-1254,student
rosa.ortiz1255@example.com,ChangeMe1255!,STU-2026-1255,stu-1255,student
cecilia.silva1256@example.com,ChangeMe1256!,STU-2026-1256,stu-1256,student
grace.velasco1257@example.com,ChangeMe1257!,STU-2026-1257,stu-1257,student
liza.dela.cruz1258@example.com,ChangeMe1258!,STU-2026-1258,stu-1258,student
mariel.santos1259@example.com,ChangeMe1259!,STU-2026-1259,stu-1259,student
patricia.reyes1260@example.com,ChangeMe1260!,STU-2026-1260,stu-1260,student
juan.garcia1261@example.com,ChangeMe1261!,STU-2026-1261,stu-1261,student
jose.lopez1262@example.com,ChangeMe1262!,STU-2026-1262,stu-1262,student
miguel.cruz1263@example.com,ChangeMe1263!,STU-2026-1263,stu-1263,student
antonio.ramos1264@example.com,ChangeMe1264!,STU-2026-1264,stu-1264,student
carlos.torres1265@example.com,ChangeMe1265!,STU-2026-1265,stu-1265,student
mark.gonzales1266@example.com,ChangeMe1266!,STU-2026-1266,stu-1266,student
john.morales1267@example.com,ChangeMe1267!,STU-2026-1267,stu-1267,student
michael.diaz1268@example.com,ChangeMe1268!,STU-2026-1268,stu-1268,student
daniel.herrera1269@example.com,ChangeMe1269!,STU-2026-1269,stu-1269,student
luis.alvarez1270@example.com,ChangeMe1270!,STU-2026-1270,stu-1270,student
maria.navarro1271@example.com,ChangeMe1271!,STU-2026-1271,stu-1271,student
ana.vargas1272@example.com,ChangeMe1272!,STU-2026-1272,stu-1272,student
kristine.flores1273@example.com,ChangeMe1273!,STU-2026-1273,stu-1273,student
jessa.perez1274@example.com,ChangeMe1274!,STU-2026-1274,stu-1274,student
rosa.ortiz1275@example.com,ChangeMe1275!,STU-2026-1275,stu-1275,student
cecilia.silva1276@example.com,ChangeMe1276!,STU-2026-1276,stu-1276,student
grace.velasco1277@example.com,ChangeMe1277!,STU-2026-1277,stu-1277,student
liza.dela.cruz1278@example.com,ChangeMe1278!,STU-2026-1278,stu-1278,student
mariel.santos1279@example.com,ChangeMe1279!,STU-2026-1279,stu-1279,student
patricia.reyes1280@example.com,ChangeMe1280!,STU-2026-1280,stu-1280,student
juan.garcia1281@example.com,ChangeMe1281!,STU-2026-1281,stu-1281,student
jose.lopez1282@example.com,ChangeMe1282!,STU-2026-1282,stu-1282,student
miguel.cruz1283@example.com,ChangeMe1283!,STU-2026-1283,stu-1283,student
antonio.ramos1284@example.com,ChangeMe1284!,STU-2026-1284,stu-1284,student
carlos.torres1285@example.com,ChangeMe1285!,STU-2026-1285,stu-1285,student
mark.gonzales1286@example.com,ChangeMe1286!,STU-2026-1286,stu-1286,student
john.morales1287@example.com,ChangeMe1287!,STU-2026-1287,stu-1287,student
michael.diaz1288@example.com,ChangeMe1288!,STU-2026-1288,stu-1288,student
daniel.herrera1289@example.com,ChangeMe1289!,STU-2026-1289,stu-1289,student
luis.alvarez1290@example.com,ChangeMe1290!,STU-2026-1290,stu-1290,student
maria.navarro1291@example.com,ChangeMe1291!,STU-2026-1291,stu-1291,student
ana.vargas1292@example.com,ChangeMe1292!,STU-2026-1292,stu-1292,student
kristine.flores1293@example.com,ChangeMe1293!,STU-2026-1293,stu-1293,student
jessa.perez1294@example.com,ChangeMe1294!,STU-2026-1294,stu-1294,student
rosa.ortiz1295@example.com,ChangeMe1295!,STU-2026-1295,stu-1295,student
cecilia.silva1296@example.com,ChangeMe1296!,STU-2026-1296,stu-1296,student
grace.velasco1297@example.com,ChangeMe1297!,STU-2026-1297,stu-1297,student
liza.dela.cruz1298@example.com,ChangeMe1298!,STU-2026-1298,stu-1298,student
mariel.santos1299@example.com,ChangeMe1299!,STU-2026-1299,stu-1299,student
patricia.reyes1300@example.com,ChangeMe1300!,STU-2026-1300,stu-1300,student
juan.garcia1301@example.com,ChangeMe1301!,STU-2026-1301,stu-1301,student
jose.lopez1302@example.com,ChangeMe1302!,STU-2026-1302,stu-1302,student
miguel.cruz1303@example.com,ChangeMe1303!,STU-2026-1303,stu-1303,student
antonio.ramos1304@example.com,ChangeMe1304!,STU-2026-1304,stu-1304,student
carlos.torres1305@example.com,ChangeMe1305!,STU-2026-1305,stu-1305,student
mark.gonzales1306@example.com,ChangeMe1306!,STU-2026-1306,stu-1306,student
john.morales1307@example.com,ChangeMe1307!,STU-2026-1307,stu-1307,student
michael.diaz1308@example.com,ChangeMe1308!,STU-2026-1308,stu-1308,student
daniel.herrera1309@example.com,ChangeMe1309!,STU-2026-1309,stu-1309,student
luis.alvarez1310@example.com,ChangeMe1310!,STU-2026-1310,stu-1310,student
maria.navarro1311@example.com,ChangeMe1311!,STU-2026-1311,stu-1311,student
ana.vargas1312@example.com,ChangeMe1312!,STU-2026-1312,stu-1312,student
kristine.flores1313@example.com,ChangeMe1313!,STU-2026-1313,stu-1313,student
jessa.perez1314@example.com,ChangeMe1314!,STU-2026-1314,stu-1314,student
rosa.ortiz1315@example.com,ChangeMe1315!,STU-2026-1315,stu-1315,student
cecilia.silva1316@example.com,ChangeMe1316!,STU-2026-1316,stu-1316,student
grace.velasco1317@example.com,ChangeMe1317!,STU-2026-1317,stu-1317,student
liza.dela.cruz1318@example.com,ChangeMe1318!,STU-2026-1318,stu-1318,student
mariel.santos1319@example.com,ChangeMe1319!,STU-2026-1319,stu-1319,student
patricia.reyes1320@example.com,ChangeMe1320!,STU-2026-1320,stu-1320,student
juan.garcia1321@example.com,ChangeMe1321!,STU-2026-1321,stu-1321,student
jose.lopez1322@example.com,ChangeMe1322!,STU-2026-1322,stu-1322,student
miguel.cruz1323@example.com,ChangeMe1323!,STU-2026-1323,stu-1323,student
antonio.ramos1324@example.com,ChangeMe1324!,STU-2026-1324,stu-1324,student
carlos.torres1325@example.com,ChangeMe1325!,STU-2026-1325,stu-1325,student
mark.gonzales1326@example.com,ChangeMe1326!,STU-2026-1326,stu-1326,student
john.morales1327@example.com,ChangeMe1327!,STU-2026-1327,stu-1327,student
michael.diaz1328@example.com,ChangeMe1328!,STU-2026-1328,stu-1328,student
daniel.herrera1329@example.com,ChangeMe1329!,STU-2026-1329,stu-1329,student
luis.alvarez1330@example.com,ChangeMe1330!,STU-2026-1330,stu-1330,student
maria.navarro1331@example.com,ChangeMe1331!,STU-2026-1331,stu-1331,student
ana.vargas1332@example.com,ChangeMe1332!,STU-2026-1332,stu-1332,student
kristine.flores1333@example.com,ChangeMe1333!,STU-2026-1333,stu-1333,student
jessa.perez1334@example.com,ChangeMe1334!,STU-2026-1334,stu-1334,student
rosa.ortiz1335@example.com,ChangeMe1335!,STU-2026-1335,stu-1335,student
cecilia.silva1336@example.com,ChangeMe1336!,STU-2026-1336,stu-1336,student
grace.velasco1337@example.com,ChangeMe1337!,STU-2026-1337,stu-1337,student
liza.dela.cruz1338@example.com,ChangeMe1338!,STU-2026-1338,stu-1338,student
mariel.santos1339@example.com,ChangeMe1339!,STU-2026-1339,stu-1339,student
patricia.reyes1340@example.com,ChangeMe1340!,STU-2026-1340,stu-1340,student
juan.garcia1341@example.com,ChangeMe1341!,STU-2026-1341,stu-1341,student
jose.lopez1342@example.com,ChangeMe1342!,STU-2026-1342,stu-1342,student
miguel.cruz1343@example.com,ChangeMe1343!,STU-2026-1343,stu-1343,student
antonio.ramos1344@example.com,ChangeMe1344!,STU-2026-1344,stu-1344,student
carlos.torres1345@example.com,ChangeMe1345!,STU-2026-1345,stu-1345,student
mark.gonzales1346@example.com,ChangeMe1346!,STU-2026-1346,stu-1346,student
john.morales1347@example.com,ChangeMe1347!,STU-2026-1347,stu-1347,student
michael.diaz1348@example.com,ChangeMe1348!,STU-2026-1348,stu-1348,student
daniel.herrera1349@example.com,ChangeMe1349!,STU-2026-1349,stu-1349,student
luis.alvarez1350@example.com,ChangeMe1350!,STU-2026-1350,stu-1350,student
maria.navarro1351@example.com,ChangeMe1351!,STU-2026-1351,stu-1351,student
ana.vargas1352@example.com,ChangeMe1352!,STU-2026-1352,stu-1352,student
kristine.flores1353@example.com,ChangeMe1353!,STU-2026-1353,stu-1353,student
jessa.perez1354@example.com,ChangeMe1354!,STU-2026-1354,stu-1354,student
rosa.ortiz1355@example.com,ChangeMe1355!,STU-2026-1355,stu-1355,student
cecilia.silva1356@example.com,ChangeMe1356!,STU-2026-1356,stu-1356,student
grace.velasco1357@example.com,ChangeMe1357!,STU-2026-1357,stu-1357,student
liza.dela.cruz1358@example.com,ChangeMe1358!,STU-2026-1358,stu-1358,student
mariel.santos1359@example.com,ChangeMe1359!,STU-2026-1359,stu-1359,student
patricia.reyes1360@example.com,ChangeMe1360!,STU-2026-1360,stu-1360,student
juan.garcia1361@example.com,ChangeMe1361!,STU-2026-1361,stu-1361,student
jose.lopez1362@example.com,ChangeMe1362!,STU-2026-1362,stu-1362,student
miguel.cruz1363@example.com,ChangeMe1363!,STU-2026-1363,stu-1363,student
antonio.ramos1364@example.com,ChangeMe1364!,STU-2026-1364,stu-1364,student
carlos.torres1365@example.com,ChangeMe1365!,STU-2026-1365,stu-1365,student
mark.gonzales1366@example.com,ChangeMe1366!,STU-2026-1366,stu-1366,student
john.morales1367@example.com,ChangeMe1367!,STU-2026-1367,stu-1367,student
michael.diaz1368@example.com,ChangeMe1368!,STU-2026-1368,stu-1368,student
daniel.herrera1369@example.com,ChangeMe1369!,STU-2026-1369,stu-1369,student
luis.alvarez1370@example.com,ChangeMe1370!,STU-2026-1370,stu-1370,student
maria.navarro1371@example.com,ChangeMe1371!,STU-2026-1371,stu-1371,student
ana.vargas1372@example.com,ChangeMe1372!,STU-2026-1372,stu-1372,student
kristine.flores1373@example.com,ChangeMe1373!,STU-2026-1373,stu-1373,student
jessa.perez1374@example.com,ChangeMe1374!,STU-2026-1374,stu-1374,student
rosa.ortiz1375@example.com,ChangeMe1375!,STU-2026-1375,stu-1375,student
cecilia.silva1376@example.com,ChangeMe1376!,STU-2026-1376,stu-1376,student
grace.velasco1377@example.com,ChangeMe1377!,STU-2026-1377,stu-1377,student
liza.dela.cruz1378@example.com,ChangeMe1378!,STU-2026-1378,stu-1378,student
mariel.santos1379@example.com,ChangeMe1379!,STU-2026-1379,stu-1379,student
patricia.reyes1380@example.com,ChangeMe1380!,STU-2026-1380,stu-1380,student
juan.garcia1381@example.com,ChangeMe1381!,STU-2026-1381,stu-1381,student
jose.lopez1382@example.com,ChangeMe1382!,STU-2026-1382,stu-1382,student
miguel.cruz1383@example.com,ChangeMe1383!,STU-2026-1383,stu-1383,student
antonio.ramos1384@example.com,ChangeMe1384!,STU-2026-1384,stu-1384,student
carlos.torres1385@example.com,ChangeMe1385!,STU-2026-1385,stu-1385,student
mark.gonzales1386@example.com,ChangeMe1386!,STU-2026-1386,stu-1386,student
john.morales1387@example.com,ChangeMe1387!,STU-2026-1387,stu-1387,student
michael.diaz1388@example.com,ChangeMe1388!,STU-2026-1388,stu-1388,student
daniel.herrera1389@example.com,ChangeMe1389!,STU-2026-1389,stu-1389,student
luis.alvarez1390@example.com,ChangeMe1390!,STU-2026-1390,stu-1390,student
maria.navarro1391@example.com,ChangeMe1391!,STU-2026-1391,stu-1391,student
ana.vargas1392@example.com,ChangeMe1392!,STU-2026-1392,stu-1392,student
kristine.flores1393@example.com,ChangeMe1393!,STU-2026-1393,stu-1393,student
jessa.perez1394@example.com,ChangeMe1394!,STU-2026-1394,stu-1394,student
rosa.ortiz1395@example.com,ChangeMe1395!,STU-2026-1395,stu-1395,student
cecilia.silva1396@example.com,ChangeMe1396!,STU-2026-1396,stu-1396,student
grace.velasco1397@example.com,ChangeMe1397!,STU-2026-1397,stu-1397,student
liza.dela.cruz1398@example.com,ChangeMe1398!,STU-2026-1398,stu-1398,student
mariel.santos1399@example.com,ChangeMe1399!,STU-2026-1399,stu-1399,student
patricia.reyes1400@example.com,ChangeMe1400!,STU-2026-1400,stu-1400,student
juan.garcia1401@example.com,ChangeMe1401!,STU-2026-1401,stu-1401,student
jose.lopez1402@example.com,ChangeMe1402!,STU-2026-1402,stu-1402,student
miguel.cruz1403@example.com,ChangeMe1403!,STU-2026-1403,stu-1403,student
antonio.ramos1404@example.com,ChangeMe1404!,STU-2026-1404,stu-1404,student
carlos.torres1405@example.com,ChangeMe1405!,STU-2026-1405,stu-1405,student
mark.gonzales1406@example.com,ChangeMe1406!,STU-2026-1406,stu-1406,student
john.morales1407@example.com,ChangeMe1407!,STU-2026-1407,stu-1407,student
michael.diaz1408@example.com,ChangeMe1408!,STU-2026-1408,stu-1408,student
daniel.herrera1409@example.com,ChangeMe1409!,STU-2026-1409,stu-1409,student
luis.alvarez1410@example.com,ChangeMe1410!,STU-2026-1410,stu-1410,student
maria.navarro1411@example.com,ChangeMe1411!,STU-2026-1411,stu-1411,student
ana.vargas1412@example.com,ChangeMe1412!,STU-2026-1412,stu-1412,student
kristine.flores1413@example.com,ChangeMe1413!,STU-2026-1413,stu-1413,student
jessa.perez1414@example.com,ChangeMe1414!,STU-2026-1414,stu-1414,student
rosa.ortiz1415@example.com,ChangeMe1415!,STU-2026-1415,stu-1415,student
cecilia.silva1416@example.com,ChangeMe1416!,STU-2026-1416,stu-1416,student
grace.velasco1417@example.com,ChangeMe1417!,STU-2026-1417,stu-1417,student
liza.dela.cruz1418@example.com,ChangeMe1418!,STU-2026-1418,stu-1418,student
mariel.santos1419@example.com,ChangeMe1419!,STU-2026-1419,stu-1419,student
patricia.reyes1420@example.com,ChangeMe1420!,STU-2026-1420,stu-1420,student
juan.garcia1421@example.com,ChangeMe1421!,STU-2026-1421,stu-1421,student
jose.lopez1422@example.com,ChangeMe1422!,STU-2026-1422,stu-1422,student
miguel.cruz1423@example.com,ChangeMe1423!,STU-2026-1423,stu-1423,student
antonio.ramos1424@example.com,ChangeMe1424!,STU-2026-1424,stu-1424,student
carlos.torres1425@example.com,ChangeMe1425!,STU-2026-1425,stu-1425,student
mark.gonzales1426@example.com,ChangeMe1426!,STU-2026-1426,stu-1426,student
john.morales1427@example.com,ChangeMe1427!,STU-2026-1427,stu-1427,student
michael.diaz1428@example.com,ChangeMe1428!,STU-2026-1428,stu-1428,student
daniel.herrera1429@example.com,ChangeMe1429!,STU-2026-1429,stu-1429,student
luis.alvarez1430@example.com,ChangeMe1430!,STU-2026-1430,stu-1430,student
maria.navarro1431@example.com,ChangeMe1431!,STU-2026-1431,stu-1431,student
ana.vargas1432@example.com,ChangeMe1432!,STU-2026-1432,stu-1432,student
kristine.flores1433@example.com,ChangeMe1433!,STU-2026-1433,stu-1433,student
jessa.perez1434@example.com,ChangeMe1434!,STU-2026-1434,stu-1434,student
rosa.ortiz1435@example.com,ChangeMe1435!,STU-2026-1435,stu-1435,student
cecilia.silva1436@example.com,ChangeMe1436!,STU-2026-1436,stu-1436,student
grace.velasco1437@example.com,ChangeMe1437!,STU-2026-1437,stu-1437,student
liza.dela.cruz1438@example.com,ChangeMe1438!,STU-2026-1438,stu-1438,student
mariel.santos1439@example.com,ChangeMe1439!,STU-2026-1439,stu-1439,student
patricia.reyes1440@example.com,ChangeMe1440!,STU-2026-1440,stu-1440,student
juan.garcia1441@example.com,ChangeMe1441!,STU-2026-1441,stu-1441,student
jose.lopez1442@example.com,ChangeMe1442!,STU-2026-1442,stu-1442,student
miguel.cruz1443@example.com,ChangeMe1443!,STU-2026-1443,stu-1443,student
antonio.ramos1444@example.com,ChangeMe1444!,STU-2026-1444,stu-1444,student
carlos.torres1445@example.com,ChangeMe1445!,STU-2026-1445,stu-1445,student
mark.gonzales1446@example.com,ChangeMe1446!,STU-2026-1446,stu-1446,student
john.morales1447@example.com,ChangeMe1447!,STU-2026-1447,stu-1447,student
michael.diaz1448@example.com,ChangeMe1448!,STU-2026-1448,stu-1448,student
daniel.herrera1449@example.com,ChangeMe1449!,STU-2026-1449,stu-1449,student
luis.alvarez1450@example.com,ChangeMe1450!,STU-2026-1450,stu-1450,student
maria.navarro1451@example.com,ChangeMe1451!,STU-2026-1451,stu-1451,student
ana.vargas1452@example.com,ChangeMe1452!,STU-2026-1452,stu-1452,student
kristine.flores1453@example.com,ChangeMe1453!,STU-2026-1453,stu-1453,student
jessa.perez1454@example.com,ChangeMe1454!,STU-2026-1454,stu-1454,student
rosa.ortiz1455@example.com,ChangeMe1455!,STU-2026-1455,stu-1455,student
cecilia.silva1456@example.com,ChangeMe1456!,STU-2026-1456,stu-1456,student
grace.velasco1457@example.com,ChangeMe1457!,STU-2026-1457,stu-1457,student
liza.dela.cruz1458@example.com,ChangeMe1458!,STU-2026-1458,stu-1458,student
mariel.santos1459@example.com,ChangeMe1459!,STU-2026-1459,stu-1459,student
patricia.reyes1460@example.com,ChangeMe1460!,STU-2026-1460,stu-1460,student
juan.garcia1461@example.com,ChangeMe1461!,STU-2026-1461,stu-1461,student
jose.lopez1462@example.com,ChangeMe1462!,STU-2026-1462,stu-1462,student
miguel.cruz1463@example.com,ChangeMe1463!,STU-2026-1463,stu-1463,student
antonio.ramos1464@example.com,ChangeMe1464!,STU-2026-1464,stu-1464,student
carlos.torres1465@example.com,ChangeMe1465!,STU-2026-1465,stu-1465,student
mark.gonzales1466@example.com,ChangeMe1466!,STU-2026-1466,stu-1466,student
john.morales1467@example.com,ChangeMe1467!,STU-2026-1467,stu-1467,student
michael.diaz1468@example.com,ChangeMe1468!,STU-2026-1468,stu-1468,student
daniel.herrera1469@example.com,ChangeMe1469!,STU-2026-1469,stu-1469,student
luis.alvarez1470@example.com,ChangeMe1470!,STU-2026-1470,stu-1470,student
maria.navarro1471@example.com,ChangeMe1471!,STU-2026-1471,stu-1471,student
ana.vargas1472@example.com,ChangeMe1472!,STU-2026-1472,stu-1472,student
kristine.flores1473@example.com,ChangeMe1473!,STU-2026-1473,stu-1473,student
jessa.perez1474@example.com,ChangeMe1474!,STU-2026-1474,stu-1474,student
rosa.ortiz1475@example.com,ChangeMe1475!,STU-2026-1475,stu-1475,student
cecilia.silva1476@example.com,ChangeMe1476!,STU-2026-1476,stu-1476,student
grace.velasco1477@example.com,ChangeMe1477!,STU-2026-1477,stu-1477,student
liza.dela.cruz1478@example.com,ChangeMe1478!,STU-2026-1478,stu-1478,student
mariel.santos1479@example.com,ChangeMe1479!,STU-2026-1479,stu-1479,student
patricia.reyes1480@example.com,ChangeMe1480!,STU-2026-1480,stu-1480,student
juan.garcia1481@example.com,ChangeMe1481!,STU-2026-1481,stu-1481,student
jose.lopez1482@example.com,ChangeMe1482!,STU-2026-1482,stu-1482,student
miguel.cruz1483@example.com,ChangeMe1483!,STU-2026-1483,stu-1483,student
antonio.ramos1484@example.com,ChangeMe1484!,STU-2026-1484,stu-1484,student
carlos.torres1485@example.com,ChangeMe1485!,STU-2026-1485,stu-1485,student
mark.gonzales1486@example.com,ChangeMe1486!,STU-2026-1486,stu-1486,student
john.morales1487@example.com,ChangeMe1487!,STU-2026-1487,stu-1487,student
michael.diaz1488@example.com,ChangeMe1488!,STU-2026-1488,stu-1488,student
daniel.herrera1489@example.com,ChangeMe1489!,STU-2026-1489,stu-1489,student
luis.alvarez1490@example.com,ChangeMe1490!,STU-2026-1490,stu-1490,student
maria.navarro1491@example.com,ChangeMe1491!,STU-2026-1491,stu-1491,student
ana.vargas1492@example.com,ChangeMe1492!,STU-2026-1492,stu-1492,student
kristine.flores1493@example.com,ChangeMe1493!,STU-2026-1493,stu-1493,student
jessa.perez1494@example.com,ChangeMe1494!,STU-2026-1494,stu-1494,student
rosa.ortiz1495@example.com,ChangeMe1495!,STU-2026-1495,stu-1495,student
cecilia.silva1496@example.com,ChangeMe1496!,STU-2026-1496,stu-1496,student
grace.velasco1497@example.com,ChangeMe1497!,STU-2026-1497,stu-1497,student
liza.dela.cruz1498@example.com,ChangeMe1498!,STU-2026-1498,stu-1498,student
mariel.santos1499@example.com,ChangeMe1499!,STU-2026-1499,stu-1499,student
patricia.reyes1500@example.com,ChangeMe1500!,STU-2026-1500,stu-1500,student
juan.garcia1501@example.com,ChangeMe1501!,STU-2026-1501,stu-1501,student
jose.lopez1502@example.com,ChangeMe1502!,STU-2026-1502,stu-1502,student
miguel.cruz1503@example.com,ChangeMe1503!,STU-2026-1503,stu-1503,student
antonio.ramos1504@example.com,ChangeMe1504!,STU-2026-1504,stu-1504,student
carlos.torres1505@example.com,ChangeMe1505!,STU-2026-1505,stu-1505,student
mark.gonzales1506@example.com,ChangeMe1506!,STU-2026-1506,stu-1506,student
john.morales1507@example.com,ChangeMe1507!,STU-2026-1507,stu-1507,student
michael.diaz1508@example.com,ChangeMe1508!,STU-2026-1508,stu-1508,student
daniel.herrera1509@example.com,ChangeMe1509!,STU-2026-1509,stu-1509,student
luis.alvarez1510@example.com,ChangeMe1510!,STU-2026-1510,stu-1510,student
maria.navarro1511@example.com,ChangeMe1511!,STU-2026-1511,stu-1511,student
ana.vargas1512@example.com,ChangeMe1512!,STU-2026-1512,stu-1512,student
kristine.flores1513@example.com,ChangeMe1513!,STU-2026-1513,stu-1513,student
jessa.perez1514@example.com,ChangeMe1514!,STU-2026-1514,stu-1514,student
rosa.ortiz1515@example.com,ChangeMe1515!,STU-2026-1515,stu-1515,student
cecilia.silva1516@example.com,ChangeMe1516!,STU-2026-1516,stu-1516,student
grace.velasco1517@example.com,ChangeMe1517!,STU-2026-1517,stu-1517,student
liza.dela.cruz1518@example.com,ChangeMe1518!,STU-2026-1518,stu-1518,student
mariel.santos1519@example.com,ChangeMe1519!,STU-2026-1519,stu-1519,student
patricia.reyes1520@example.com,ChangeMe1520!,STU-2026-1520,stu-1520,student
juan.garcia1521@example.com,ChangeMe1521!,STU-2026-1521,stu-1521,student
jose.lopez1522@example.com,ChangeMe1522!,STU-2026-1522,stu-1522,student
miguel.cruz1523@example.com,ChangeMe1523!,STU-2026-1523,stu-1523,student
antonio.ramos1524@example.com,ChangeMe1524!,STU-2026-1524,stu-1524,student
carlos.torres1525@example.com,ChangeMe1525!,STU-2026-1525,stu-1525,student
mark.gonzales1526@example.com,ChangeMe1526!,STU-2026-1526,stu-1526,student
john.morales1527@example.com,ChangeMe1527!,STU-2026-1527,stu-1527,student
michael.diaz1528@example.com,ChangeMe1528!,STU-2026-1528,stu-1528,student
daniel.herrera1529@example.com,ChangeMe1529!,STU-2026-1529,stu-1529,student
luis.alvarez1530@example.com,ChangeMe1530!,STU-2026-1530,stu-1530,student
maria.navarro1531@example.com,ChangeMe1531!,STU-2026-1531,stu-1531,student
ana.vargas1532@example.com,ChangeMe1532!,STU-2026-1532,stu-1532,student
kristine.flores1533@example.com,ChangeMe1533!,STU-2026-1533,stu-1533,student
jessa.perez1534@example.com,ChangeMe1534!,STU-2026-1534,stu-1534,student
rosa.ortiz1535@example.com,ChangeMe1535!,STU-2026-1535,stu-1535,student
cecilia.silva1536@example.com,ChangeMe1536!,STU-2026-1536,stu-1536,student
grace.velasco1537@example.com,ChangeMe1537!,STU-2026-1537,stu-1537,student
liza.dela.cruz1538@example.com,ChangeMe1538!,STU-2026-1538,stu-1538,student
mariel.santos1539@example.com,ChangeMe1539!,STU-2026-1539,stu-1539,student
patricia.reyes1540@example.com,ChangeMe1540!,STU-2026-1540,stu-1540,student
juan.garcia1541@example.com,ChangeMe1541!,STU-2026-1541,stu-1541,student
jose.lopez1542@example.com,ChangeMe1542!,STU-2026-1542,stu-1542,student
miguel.cruz1543@example.com,ChangeMe1543!,STU-2026-1543,stu-1543,student
antonio.ramos1544@example.com,ChangeMe1544!,STU-2026-1544,stu-1544,student
carlos.torres1545@example.com,ChangeMe1545!,STU-2026-1545,stu-1545,student
mark.gonzales1546@example.com,ChangeMe1546!,STU-2026-1546,stu-1546,student
john.morales1547@example.com,ChangeMe1547!,STU-2026-1547,stu-1547,student
michael.diaz1548@example.com,ChangeMe1548!,STU-2026-1548,stu-1548,student
daniel.herrera1549@example.com,ChangeMe1549!,STU-2026-1549,stu-1549,student
luis.alvarez1550@example.com,ChangeMe1550!,STU-2026-1550,stu-1550,student
maria.navarro1551@example.com,ChangeMe1551!,STU-2026-1551,stu-1551,student
ana.vargas1552@example.com,ChangeMe1552!,STU-2026-1552,stu-1552,student
kristine.flores1553@example.com,ChangeMe1553!,STU-2026-1553,stu-1553,student
jessa.perez1554@example.com,ChangeMe1554!,STU-2026-1554,stu-1554,student
rosa.ortiz1555@example.com,ChangeMe1555!,STU-2026-1555,stu-1555,student
cecilia.silva1556@example.com,ChangeMe1556!,STU-2026-1556,stu-1556,student
grace.velasco1557@example.com,ChangeMe1557!,STU-2026-1557,stu-1557,student
liza.dela.cruz1558@example.com,ChangeMe1558!,STU-2026-1558,stu-1558,student
mariel.santos1559@example.com,ChangeMe1559!,STU-2026-1559,stu-1559,student
patricia.reyes1560@example.com,ChangeMe1560!,STU-2026-1560,stu-1560,student
juan.garcia1561@example.com,ChangeMe1561!,STU-2026-1561,stu-1561,student
jose.lopez1562@example.com,ChangeMe1562!,STU-2026-1562,stu-1562,student
miguel.cruz1563@example.com,ChangeMe1563!,STU-2026-1563,stu-1563,student
antonio.ramos1564@example.com,ChangeMe1564!,STU-2026-1564,stu-1564,student
carlos.torres1565@example.com,ChangeMe1565!,STU-2026-1565,stu-1565,student
mark.gonzales1566@example.com,ChangeMe1566!,STU-2026-1566,stu-1566,student
john.morales1567@example.com,ChangeMe1567!,STU-2026-1567,stu-1567,student
michael.diaz1568@example.com,ChangeMe1568!,STU-2026-1568,stu-1568,student
daniel.herrera1569@example.com,ChangeMe1569!,STU-2026-1569,stu-1569,student
luis.alvarez1570@example.com,ChangeMe1570!,STU-2026-1570,stu-1570,student
maria.navarro1571@example.com,ChangeMe1571!,STU-2026-1571,stu-1571,student
ana.vargas1572@example.com,ChangeMe1572!,STU-2026-1572,stu-1572,student
kristine.flores1573@example.com,ChangeMe1573!,STU-2026-1573,stu-1573,student
jessa.perez1574@example.com,ChangeMe1574!,STU-2026-1574,stu-1574,student
rosa.ortiz1575@example.com,ChangeMe1575!,STU-2026-1575,stu-1575,student
cecilia.silva1576@example.com,ChangeMe1576!,STU-2026-1576,stu-1576,student
grace.velasco1577@example.com,ChangeMe1577!,STU-2026-1577,stu-1577,student
liza.dela.cruz1578@example.com,ChangeMe1578!,STU-2026-1578,stu-1578,student
mariel.santos1579@example.com,ChangeMe1579!,STU-2026-1579,stu-1579,student
patricia.reyes1580@example.com,ChangeMe1580!,STU-2026-1580,stu-1580,student
juan.garcia1581@example.com,ChangeMe1581!,STU-2026-1581,stu-1581,student
jose.lopez1582@example.com,ChangeMe1582!,STU-2026-1582,stu-1582,student
miguel.cruz1583@example.com,ChangeMe1583!,STU-2026-1583,stu-1583,student
antonio.ramos1584@example.com,ChangeMe1584!,STU-2026-1584,stu-1584,student
carlos.torres1585@example.com,ChangeMe1585!,STU-2026-1585,stu-1585,student
mark.gonzales1586@example.com,ChangeMe1586!,STU-2026-1586,stu-1586,student
john.morales1587@example.com,ChangeMe1587!,STU-2026-1587,stu-1587,student
michael.diaz1588@example.com,ChangeMe1588!,STU-2026-1588,stu-1588,student
daniel.herrera1589@example.com,ChangeMe1589!,STU-2026-1589,stu-1589,student
luis.alvarez1590@example.com,ChangeMe1590!,STU-2026-1590,stu-1590,student
maria.navarro1591@example.com,ChangeMe1591!,STU-2026-1591,stu-1591,student
ana.vargas1592@example.com,ChangeMe1592!,STU-2026-1592,stu-1592,student
kristine.flores1593@example.com,ChangeMe1593!,STU-2026-1593,stu-1593,student
jessa.perez1594@example.com,ChangeMe1594!,STU-2026-1594,stu-1594,student
rosa.ortiz1595@example.com,ChangeMe1595!,STU-2026-1595,stu-1595,student
cecilia.silva1596@example.com,ChangeMe1596!,STU-2026-1596,stu-1596,student
grace.velasco1597@example.com,ChangeMe1597!,STU-2026-1597,stu-1597,student
liza.dela.cruz1598@example.com,ChangeMe1598!,STU-2026-1598,stu-1598,student
mariel.santos1599@example.com,ChangeMe1599!,STU-2026-1599,stu-1599,student
patricia.reyes1600@example.com,ChangeMe1600!,STU-2026-1600,stu-1600,student
juan.garcia1601@example.com,ChangeMe1601!,STU-2026-1601,stu-1601,student
jose.lopez1602@example.com,ChangeMe1602!,STU-2026-1602,stu-1602,student
miguel.cruz1603@example.com,ChangeMe1603!,STU-2026-1603,stu-1603,student
antonio.ramos1604@example.com,ChangeMe1604!,STU-2026-1604,stu-1604,student
carlos.torres1605@example.com,ChangeMe1605!,STU-2026-1605,stu-1605,student
mark.gonzales1606@example.com,ChangeMe1606!,STU-2026-1606,stu-1606,student
john.morales1607@example.com,ChangeMe1607!,STU-2026-1607,stu-1607,student
michael.diaz1608@example.com,ChangeMe1608!,STU-2026-1608,stu-1608,student
daniel.herrera1609@example.com,ChangeMe1609!,STU-2026-1609,stu-1609,student
luis.alvarez1610@example.com,ChangeMe1610!,STU-2026-1610,stu-1610,student
maria.navarro1611@example.com,ChangeMe1611!,STU-2026-1611,stu-1611,student
ana.vargas1612@example.com,ChangeMe1612!,STU-2026-1612,stu-1612,student
kristine.flores1613@example.com,ChangeMe1613!,STU-2026-1613,stu-1613,student
jessa.perez1614@example.com,ChangeMe1614!,STU-2026-1614,stu-1614,student
rosa.ortiz1615@example.com,ChangeMe1615!,STU-2026-1615,stu-1615,student
cecilia.silva1616@example.com,ChangeMe1616!,STU-2026-1616,stu-1616,student
grace.velasco1617@example.com,ChangeMe1617!,STU-2026-1617,stu-1617,student
liza.dela.cruz1618@example.com,ChangeMe1618!,STU-2026-1618,stu-1618,student
mariel.santos1619@example.com,ChangeMe1619!,STU-2026-1619,stu-1619,student
patricia.reyes1620@example.com,ChangeMe1620!,STU-2026-1620,stu-1620,student
juan.garcia1621@example.com,ChangeMe1621!,STU-2026-1621,stu-1621,student
jose.lopez1622@example.com,ChangeMe1622!,STU-2026-1622,stu-1622,student
miguel.cruz1623@example.com,ChangeMe1623!,STU-2026-1623,stu-1623,student
antonio.ramos1624@example.com,ChangeMe1624!,STU-2026-1624,stu-1624,student
carlos.torres1625@example.com,ChangeMe1625!,STU-2026-1625,stu-1625,student
mark.gonzales1626@example.com,ChangeMe1626!,STU-2026-1626,stu-1626,student
john.morales1627@example.com,ChangeMe1627!,STU-2026-1627,stu-1627,student
michael.diaz1628@example.com,ChangeMe1628!,STU-2026-1628,stu-1628,student
daniel.herrera1629@example.com,ChangeMe1629!,STU-2026-1629,stu-1629,student
luis.alvarez1630@example.com,ChangeMe1630!,STU-2026-1630,stu-1630,student
maria.navarro1631@example.com,ChangeMe1631!,STU-2026-1631,stu-1631,student
ana.vargas1632@example.com,ChangeMe1632!,STU-2026-1632,stu-1632,student
kristine.flores1633@example.com,ChangeMe1633!,STU-2026-1633,stu-1633,student
jessa.perez1634@example.com,ChangeMe1634!,STU-2026-1634,stu-1634,student
rosa.ortiz1635@example.com,ChangeMe1635!,STU-2026-1635,stu-1635,student
cecilia.silva1636@example.com,ChangeMe1636!,STU-2026-1636,stu-1636,student
grace.velasco1637@example.com,ChangeMe1637!,STU-2026-1637,stu-1637,student
liza.dela.cruz1638@example.com,ChangeMe1638!,STU-2026-1638,stu-1638,student
mariel.santos1639@example.com,ChangeMe1639!,STU-2026-1639,stu-1639,student
patricia.reyes1640@example.com,ChangeMe1640!,STU-2026-1640,stu-1640,student
juan.garcia1641@example.com,ChangeMe1641!,STU-2026-1641,stu-1641,student
jose.lopez1642@example.com,ChangeMe1642!,STU-2026-1642,stu-1642,student
miguel.cruz1643@example.com,ChangeMe1643!,STU-2026-1643,stu-1643,student
antonio.ramos1644@example.com,ChangeMe1644!,STU-2026-1644,stu-1644,student
carlos.torres1645@example.com,ChangeMe1645!,STU-2026-1645,stu-1645,student
mark.gonzales1646@example.com,ChangeMe1646!,STU-2026-1646,stu-1646,student
john.morales1647@example.com,ChangeMe1647!,STU-2026-1647,stu-1647,student
michael.diaz1648@example.com,ChangeMe1648!,STU-2026-1648,stu-1648,student
daniel.herrera1649@example.com,ChangeMe1649!,STU-2026-1649,stu-1649,student
luis.alvarez1650@example.com,ChangeMe1650!,STU-2026-1650,stu-1650,student
maria.navarro1651@example.com,ChangeMe1651!,STU-2026-1651,stu-1651,student
ana.vargas1652@example.com,ChangeMe1652!,STU-2026-1652,stu-1652,student
kristine.flores1653@example.com,ChangeMe1653!,STU-2026-1653,stu-1653,student
jessa.perez1654@example.com,ChangeMe1654!,STU-2026-1654,stu-1654,student
rosa.ortiz1655@example.com,ChangeMe1655!,STU-2026-1655,stu-1655,student
cecilia.silva1656@example.com,ChangeMe1656!,STU-2026-1656,stu-1656,student
grace.velasco1657@example.com,ChangeMe1657!,STU-2026-1657,stu-1657,student
liza.dela.cruz1658@example.com,ChangeMe1658!,STU-2026-1658,stu-1658,student
mariel.santos1659@example.com,ChangeMe1659!,STU-2026-1659,stu-1659,student
patricia.reyes1660@example.com,ChangeMe1660!,STU-2026-1660,stu-1660,student
juan.garcia1661@example.com,ChangeMe1661!,STU-2026-1661,stu-1661,student
jose.lopez1662@example.com,ChangeMe1662!,STU-2026-1662,stu-1662,student
miguel.cruz1663@example.com,ChangeMe1663!,STU-2026-1663,stu-1663,student
antonio.ramos1664@example.com,ChangeMe1664!,STU-2026-1664,stu-1664,student
carlos.torres1665@example.com,ChangeMe1665!,STU-2026-1665,stu-1665,student
mark.gonzales1666@example.com,ChangeMe1666!,STU-2026-1666,stu-1666,student
john.morales1667@example.com,ChangeMe1667!,STU-2026-1667,stu-1667,student
michael.diaz1668@example.com,ChangeMe1668!,STU-2026-1668,stu-1668,student
daniel.herrera1669@example.com,ChangeMe1669!,STU-2026-1669,stu-1669,student
luis.alvarez1670@example.com,ChangeMe1670!,STU-2026-1670,stu-1670,student
maria.navarro1671@example.com,ChangeMe1671!,STU-2026-1671,stu-1671,student
ana.vargas1672@example.com,ChangeMe1672!,STU-2026-1672,stu-1672,student
kristine.flores1673@example.com,ChangeMe1673!,STU-2026-1673,stu-1673,student
jessa.perez1674@example.com,ChangeMe1674!,STU-2026-1674,stu-1674,student
rosa.ortiz1675@example.com,ChangeMe1675!,STU-2026-1675,stu-1675,student
cecilia.silva1676@example.com,ChangeMe1676!,STU-2026-1676,stu-1676,student
grace.velasco1677@example.com,ChangeMe1677!,STU-2026-1677,stu-1677,student
liza.dela.cruz1678@example.com,ChangeMe1678!,STU-2026-1678,stu-1678,student
mariel.santos1679@example.com,ChangeMe1679!,STU-2026-1679,stu-1679,student
patricia.reyes1680@example.com,ChangeMe1680!,STU-2026-1680,stu-1680,student
juan.garcia1681@example.com,ChangeMe1681!,STU-2026-1681,stu-1681,student
jose.lopez1682@example.com,ChangeMe1682!,STU-2026-1682,stu-1682,student
miguel.cruz1683@example.com,ChangeMe1683!,STU-2026-1683,stu-1683,student
antonio.ramos1684@example.com,ChangeMe1684!,STU-2026-1684,stu-1684,student
carlos.torres1685@example.com,ChangeMe1685!,STU-2026-1685,stu-1685,student
mark.gonzales1686@example.com,ChangeMe1686!,STU-2026-1686,stu-1686,student
john.morales1687@example.com,ChangeMe1687!,STU-2026-1687,stu-1687,student
michael.diaz1688@example.com,ChangeMe1688!,STU-2026-1688,stu-1688,student
daniel.herrera1689@example.com,ChangeMe1689!,STU-2026-1689,stu-1689,student
luis.alvarez1690@example.com,ChangeMe1690!,STU-2026-1690,stu-1690,student
maria.navarro1691@example.com,ChangeMe1691!,STU-2026-1691,stu-1691,student
ana.vargas1692@example.com,ChangeMe1692!,STU-2026-1692,stu-1692,student
kristine.flores1693@example.com,ChangeMe1693!,STU-2026-1693,stu-1693,student
jessa.perez1694@example.com,ChangeMe1694!,STU-2026-1694,stu-1694,student
rosa.ortiz1695@example.com,ChangeMe1695!,STU-2026-1695,stu-1695,student
cecilia.silva1696@example.com,ChangeMe1696!,STU-2026-1696,stu-1696,student
grace.velasco1697@example.com,ChangeMe1697!,STU-2026-1697,stu-1697,student
liza.dela.cruz1698@example.com,ChangeMe1698!,STU-2026-1698,stu-1698,student
mariel.santos1699@example.com,ChangeMe1699!,STU-2026-1699,stu-1699,student
patricia.reyes1700@example.com,ChangeMe1700!,STU-2026-1700,stu-1700,student
juan.garcia1701@example.com,ChangeMe1701!,STU-2026-1701,stu-1701,student
jose.lopez1702@example.com,ChangeMe1702!,STU-2026-1702,stu-1702,student
miguel.cruz1703@example.com,ChangeMe1703!,STU-2026-1703,stu-1703,student
antonio.ramos1704@example.com,ChangeMe1704!,STU-2026-1704,stu-1704,student
carlos.torres1705@example.com,ChangeMe1705!,STU-2026-1705,stu-1705,student
mark.gonzales1706@example.com,ChangeMe1706!,STU-2026-1706,stu-1706,student
john.morales1707@example.com,ChangeMe1707!,STU-2026-1707,stu-1707,student
michael.diaz1708@example.com,ChangeMe1708!,STU-2026-1708,stu-1708,student
daniel.herrera1709@example.com,ChangeMe1709!,STU-2026-1709,stu-1709,student
luis.alvarez1710@example.com,ChangeMe1710!,STU-2026-1710,stu-1710,student
maria.navarro1711@example.com,ChangeMe1711!,STU-2026-1711,stu-1711,student
ana.vargas1712@example.com,ChangeMe1712!,STU-2026-1712,stu-1712,student
kristine.flores1713@example.com,ChangeMe1713!,STU-2026-1713,stu-1713,student
jessa.perez1714@example.com,ChangeMe1714!,STU-2026-1714,stu-1714,student
rosa.ortiz1715@example.com,ChangeMe1715!,STU-2026-1715,stu-1715,student
cecilia.silva1716@example.com,ChangeMe1716!,STU-2026-1716,stu-1716,student
grace.velasco1717@example.com,ChangeMe1717!,STU-2026-1717,stu-1717,student
liza.dela.cruz1718@example.com,ChangeMe1718!,STU-2026-1718,stu-1718,student
mariel.santos1719@example.com,ChangeMe1719!,STU-2026-1719,stu-1719,student
patricia.reyes1720@example.com,ChangeMe1720!,STU-2026-1720,stu-1720,student
juan.garcia1721@example.com,ChangeMe1721!,STU-2026-1721,stu-1721,student
jose.lopez1722@example.com,ChangeMe1722!,STU-2026-1722,stu-1722,student
miguel.cruz1723@example.com,ChangeMe1723!,STU-2026-1723,stu-1723,student
antonio.ramos1724@example.com,ChangeMe1724!,STU-2026-1724,stu-1724,student
carlos.torres1725@example.com,ChangeMe1725!,STU-2026-1725,stu-1725,student
mark.gonzales1726@example.com,ChangeMe1726!,STU-2026-1726,stu-1726,student
john.morales1727@example.com,ChangeMe1727!,STU-2026-1727,stu-1727,student
michael.diaz1728@example.com,ChangeMe1728!,STU-2026-1728,stu-1728,student
daniel.herrera1729@example.com,ChangeMe1729!,STU-2026-1729,stu-1729,student
luis.alvarez1730@example.com,ChangeMe1730!,STU-2026-1730,stu-1730,student
maria.navarro1731@example.com,ChangeMe1731!,STU-2026-1731,stu-1731,student
ana.vargas1732@example.com,ChangeMe1732!,STU-2026-1732,stu-1732,student
kristine.flores1733@example.com,ChangeMe1733!,STU-2026-1733,stu-1733,student
jessa.perez1734@example.com,ChangeMe1734!,STU-2026-1734,stu-1734,student
rosa.ortiz1735@example.com,ChangeMe1735!,STU-2026-1735,stu-1735,student
cecilia.silva1736@example.com,ChangeMe1736!,STU-2026-1736,stu-1736,student
grace.velasco1737@example.com,ChangeMe1737!,STU-2026-1737,stu-1737,student
liza.dela.cruz1738@example.com,ChangeMe1738!,STU-2026-1738,stu-1738,student
mariel.santos1739@example.com,ChangeMe1739!,STU-2026-1739,stu-1739,student
patricia.reyes1740@example.com,ChangeMe1740!,STU-2026-1740,stu-1740,student
juan.garcia1741@example.com,ChangeMe1741!,STU-2026-1741,stu-1741,student
jose.lopez1742@example.com,ChangeMe1742!,STU-2026-1742,stu-1742,student
miguel.cruz1743@example.com,ChangeMe1743!,STU-2026-1743,stu-1743,student
antonio.ramos1744@example.com,ChangeMe1744!,STU-2026-1744,stu-1744,student
carlos.torres1745@example.com,ChangeMe1745!,STU-2026-1745,stu-1745,student
mark.gonzales1746@example.com,ChangeMe1746!,STU-2026-1746,stu-1746,student
john.morales1747@example.com,ChangeMe1747!,STU-2026-1747,stu-1747,student
michael.diaz1748@example.com,ChangeMe1748!,STU-2026-1748,stu-1748,student
daniel.herrera1749@example.com,ChangeMe1749!,STU-2026-1749,stu-1749,student
luis.alvarez1750@example.com,ChangeMe1750!,STU-2026-1750,stu-1750,student
maria.navarro1751@example.com,ChangeMe1751!,STU-2026-1751,stu-1751,student
ana.vargas1752@example.com,ChangeMe1752!,STU-2026-1752,stu-1752,student
kristine.flores1753@example.com,ChangeMe1753!,STU-2026-1753,stu-1753,student
jessa.perez1754@example.com,ChangeMe1754!,STU-2026-1754,stu-1754,student
rosa.ortiz1755@example.com,ChangeMe1755!,STU-2026-1755,stu-1755,student
cecilia.silva1756@example.com,ChangeMe1756!,STU-2026-1756,stu-1756,student
grace.velasco1757@example.com,ChangeMe1757!,STU-2026-1757,stu-1757,student
liza.dela.cruz1758@example.com,ChangeMe1758!,STU-2026-1758,stu-1758,student
mariel.santos1759@example.com,ChangeMe1759!,STU-2026-1759,stu-1759,student
patricia.reyes1760@example.com,ChangeMe1760!,STU-2026-1760,stu-1760,student
juan.garcia1761@example.com,ChangeMe1761!,STU-2026-1761,stu-1761,student
jose.lopez1762@example.com,ChangeMe1762!,STU-2026-1762,stu-1762,student
miguel.cruz1763@example.com,ChangeMe1763!,STU-2026-1763,stu-1763,student
antonio.ramos1764@example.com,ChangeMe1764!,STU-2026-1764,stu-1764,student
carlos.torres1765@example.com,ChangeMe1765!,STU-2026-1765,stu-1765,student
mark.gonzales1766@example.com,ChangeMe1766!,STU-2026-1766,stu-1766,student
john.morales1767@example.com,ChangeMe1767!,STU-2026-1767,stu-1767,student
michael.diaz1768@example.com,ChangeMe1768!,STU-2026-1768,stu-1768,student
daniel.herrera1769@example.com,ChangeMe1769!,STU-2026-1769,stu-1769,student
luis.alvarez1770@example.com,ChangeMe1770!,STU-2026-1770,stu-1770,student
maria.navarro1771@example.com,ChangeMe1771!,STU-2026-1771,stu-1771,student
ana.vargas1772@example.com,ChangeMe1772!,STU-2026-1772,stu-1772,student
kristine.flores1773@example.com,ChangeMe1773!,STU-2026-1773,stu-1773,student
jessa.perez1774@example.com,ChangeMe1774!,STU-2026-1774,stu-1774,student
rosa.ortiz1775@example.com,ChangeMe1775!,STU-2026-1775,stu-1775,student
cecilia.silva1776@example.com,ChangeMe1776!,STU-2026-1776,stu-1776,student
grace.velasco1777@example.com,ChangeMe1777!,STU-2026-1777,stu-1777,student
liza.dela.cruz1778@example.com,ChangeMe1778!,STU-2026-1778,stu-1778,student
mariel.santos1779@example.com,ChangeMe1779!,STU-2026-1779,stu-1779,student
patricia.reyes1780@example.com,ChangeMe1780!,STU-2026-1780,stu-1780,student
juan.garcia1781@example.com,ChangeMe1781!,STU-2026-1781,stu-1781,student
jose.lopez1782@example.com,ChangeMe1782!,STU-2026-1782,stu-1782,student
miguel.cruz1783@example.com,ChangeMe1783!,STU-2026-1783,stu-1783,student
antonio.ramos1784@example.com,ChangeMe1784!,STU-2026-1784,stu-1784,student
carlos.torres1785@example.com,ChangeMe1785!,STU-2026-1785,stu-1785,student
mark.gonzales1786@example.com,ChangeMe1786!,STU-2026-1786,stu-1786,student
john.morales1787@example.com,ChangeMe1787!,STU-2026-1787,stu-1787,student
michael.diaz1788@example.com,ChangeMe1788!,STU-2026-1788,stu-1788,student
daniel.herrera1789@example.com,ChangeMe1789!,STU-2026-1789,stu-1789,student
luis.alvarez1790@example.com,ChangeMe1790!,STU-2026-1790,stu-1790,student
maria.navarro1791@example.com,ChangeMe1791!,STU-2026-1791,stu-1791,student
ana.vargas1792@example.com,ChangeMe1792!,STU-2026-1792,stu-1792,student
kristine.flores1793@example.com,ChangeMe1793!,STU-2026-1793,stu-1793,student
jessa.perez1794@example.com,ChangeMe1794!,STU-2026-1794,stu-1794,student
rosa.ortiz1795@example.com,ChangeMe1795!,STU-2026-1795,stu-1795,student
cecilia.silva1796@example.com,ChangeMe1796!,STU-2026-1796,stu-1796,student
grace.velasco1797@example.com,ChangeMe1797!,STU-2026-1797,stu-1797,student
liza.dela.cruz1798@example.com,ChangeMe1798!,STU-2026-1798,stu-1798,student
mariel.santos1799@example.com,ChangeMe1799!,STU-2026-1799,stu-1799,student
patricia.reyes1800@example.com,ChangeMe1800!,STU-2026-1800,stu-1800,student
juan.garcia1801@example.com,ChangeMe1801!,STU-2026-1801,stu-1801,student
jose.lopez1802@example.com,ChangeMe1802!,STU-2026-1802,stu-1802,student
miguel.cruz1803@example.com,ChangeMe1803!,STU-2026-1803,stu-1803,student
antonio.ramos1804@example.com,ChangeMe1804!,STU-2026-1804,stu-1804,student
carlos.torres1805@example.com,ChangeMe1805!,STU-2026-1805,stu-1805,student
mark.gonzales1806@example.com,ChangeMe1806!,STU-2026-1806,stu-1806,student
john.morales1807@example.com,ChangeMe1807!,STU-2026-1807,stu-1807,student
michael.diaz1808@example.com,ChangeMe1808!,STU-2026-1808,stu-1808,student
daniel.herrera1809@example.com,ChangeMe1809!,STU-2026-1809,stu-1809,student
luis.alvarez1810@example.com,ChangeMe1810!,STU-2026-1810,stu-1810,student
maria.navarro1811@example.com,ChangeMe1811!,STU-2026-1811,stu-1811,student
ana.vargas1812@example.com,ChangeMe1812!,STU-2026-1812,stu-1812,student
kristine.flores1813@example.com,ChangeMe1813!,STU-2026-1813,stu-1813,student
jessa.perez1814@example.com,ChangeMe1814!,STU-2026-1814,stu-1814,student
rosa.ortiz1815@example.com,ChangeMe1815!,STU-2026-1815,stu-1815,student
cecilia.silva1816@example.com,ChangeMe1816!,STU-2026-1816,stu-1816,student
grace.velasco1817@example.com,ChangeMe1817!,STU-2026-1817,stu-1817,student
liza.dela.cruz1818@example.com,ChangeMe1818!,STU-2026-1818,stu-1818,student
mariel.santos1819@example.com,ChangeMe1819!,STU-2026-1819,stu-1819,student
patricia.reyes1820@example.com,ChangeMe1820!,STU-2026-1820,stu-1820,student
juan.garcia1821@example.com,ChangeMe1821!,STU-2026-1821,stu-1821,student
jose.lopez1822@example.com,ChangeMe1822!,STU-2026-1822,stu-1822,student
miguel.cruz1823@example.com,ChangeMe1823!,STU-2026-1823,stu-1823,student
antonio.ramos1824@example.com,ChangeMe1824!,STU-2026-1824,stu-1824,student
carlos.torres1825@example.com,ChangeMe1825!,STU-2026-1825,stu-1825,student
mark.gonzales1826@example.com,ChangeMe1826!,STU-2026-1826,stu-1826,student
john.morales1827@example.com,ChangeMe1827!,STU-2026-1827,stu-1827,student
michael.diaz1828@example.com,ChangeMe1828!,STU-2026-1828,stu-1828,student
daniel.herrera1829@example.com,ChangeMe1829!,STU-2026-1829,stu-1829,student
luis.alvarez1830@example.com,ChangeMe1830!,STU-2026-1830,stu-1830,student
maria.navarro1831@example.com,ChangeMe1831!,STU-2026-1831,stu-1831,student
ana.vargas1832@example.com,ChangeMe1832!,STU-2026-1832,stu-1832,student
kristine.flores1833@example.com,ChangeMe1833!,STU-2026-1833,stu-1833,student
jessa.perez1834@example.com,ChangeMe1834!,STU-2026-1834,stu-1834,student
rosa.ortiz1835@example.com,ChangeMe1835!,STU-2026-1835,stu-1835,student
cecilia.silva1836@example.com,ChangeMe1836!,STU-2026-1836,stu-1836,student
grace.velasco1837@example.com,ChangeMe1837!,STU-2026-1837,stu-1837,student
liza.dela.cruz1838@example.com,ChangeMe1838!,STU-2026-1838,stu-1838,student
mariel.santos1839@example.com,ChangeMe1839!,STU-2026-1839,stu-1839,student
patricia.reyes1840@example.com,ChangeMe1840!,STU-2026-1840,stu-1840,student
juan.garcia1841@example.com,ChangeMe1841!,STU-2026-1841,stu-1841,student
jose.lopez1842@example.com,ChangeMe1842!,STU-2026-1842,stu-1842,student
miguel.cruz1843@example.com,ChangeMe1843!,STU-2026-1843,stu-1843,student
antonio.ramos1844@example.com,ChangeMe1844!,STU-2026-1844,stu-1844,student
carlos.torres1845@example.com,ChangeMe1845!,STU-2026-1845,stu-1845,student
mark.gonzales1846@example.com,ChangeMe1846!,STU-2026-1846,stu-1846,student
john.morales1847@example.com,ChangeMe1847!,STU-2026-1847,stu-1847,student
michael.diaz1848@example.com,ChangeMe1848!,STU-2026-1848,stu-1848,student
daniel.herrera1849@example.com,ChangeMe1849!,STU-2026-1849,stu-1849,student
luis.alvarez1850@example.com,ChangeMe1850!,STU-2026-1850,stu-1850,student
maria.navarro1851@example.com,ChangeMe1851!,STU-2026-1851,stu-1851,student
ana.vargas1852@example.com,ChangeMe1852!,STU-2026-1852,stu-1852,student
kristine.flores1853@example.com,ChangeMe1853!,STU-2026-1853,stu-1853,student
jessa.perez1854@example.com,ChangeMe1854!,STU-2026-1854,stu-1854,student
rosa.ortiz1855@example.com,ChangeMe1855!,STU-2026-1855,stu-1855,student
cecilia.silva1856@example.com,ChangeMe1856!,STU-2026-1856,stu-1856,student
grace.velasco1857@example.com,ChangeMe1857!,STU-2026-1857,stu-1857,student
liza.dela.cruz1858@example.com,ChangeMe1858!,STU-2026-1858,stu-1858,student
mariel.santos1859@example.com,ChangeMe1859!,STU-2026-1859,stu-1859,student
patricia.reyes1860@example.com,ChangeMe1860!,STU-2026-1860,stu-1860,student
juan.garcia1861@example.com,ChangeMe1861!,STU-2026-1861,stu-1861,student
jose.lopez1862@example.com,ChangeMe1862!,STU-2026-1862,stu-1862,student
miguel.cruz1863@example.com,ChangeMe1863!,STU-2026-1863,stu-1863,student
antonio.ramos1864@example.com,ChangeMe1864!,STU-2026-1864,stu-1864,student
carlos.torres1865@example.com,ChangeMe1865!,STU-2026-1865,stu-1865,student
mark.gonzales1866@example.com,ChangeMe1866!,STU-2026-1866,stu-1866,student
john.morales1867@example.com,ChangeMe1867!,STU-2026-1867,stu-1867,student
michael.diaz1868@example.com,ChangeMe1868!,STU-2026-1868,stu-1868,student
daniel.herrera1869@example.com,ChangeMe1869!,STU-2026-1869,stu-1869,student
luis.alvarez1870@example.com,ChangeMe1870!,STU-2026-1870,stu-1870,student
maria.navarro1871@example.com,ChangeMe1871!,STU-2026-1871,stu-1871,student
ana.vargas1872@example.com,ChangeMe1872!,STU-2026-1872,stu-1872,student
kristine.flores1873@example.com,ChangeMe1873!,STU-2026-1873,stu-1873,student
jessa.perez1874@example.com,ChangeMe1874!,STU-2026-1874,stu-1874,student
rosa.ortiz1875@example.com,ChangeMe1875!,STU-2026-1875,stu-1875,student
cecilia.silva1876@example.com,ChangeMe1876!,STU-2026-1876,stu-1876,student
grace.velasco1877@example.com,ChangeMe1877!,STU-2026-1877,stu-1877,student
liza.dela.cruz1878@example.com,ChangeMe1878!,STU-2026-1878,stu-1878,student
mariel.santos1879@example.com,ChangeMe1879!,STU-2026-1879,stu-1879,student
patricia.reyes1880@example.com,ChangeMe1880!,STU-2026-1880,stu-1880,student
juan.garcia1881@example.com,ChangeMe1881!,STU-2026-1881,stu-1881,student
jose.lopez1882@example.com,ChangeMe1882!,STU-2026-1882,stu-1882,student
miguel.cruz1883@example.com,ChangeMe1883!,STU-2026-1883,stu-1883,student
antonio.ramos1884@example.com,ChangeMe1884!,STU-2026-1884,stu-1884,student
carlos.torres1885@example.com,ChangeMe1885!,STU-2026-1885,stu-1885,student
mark.gonzales1886@example.com,ChangeMe1886!,STU-2026-1886,stu-1886,student
john.morales1887@example.com,ChangeMe1887!,STU-2026-1887,stu-1887,student
michael.diaz1888@example.com,ChangeMe1888!,STU-2026-1888,stu-1888,student
daniel.herrera1889@example.com,ChangeMe1889!,STU-2026-1889,stu-1889,student
luis.alvarez1890@example.com,ChangeMe1890!,STU-2026-1890,stu-1890,student
maria.navarro1891@example.com,ChangeMe1891!,STU-2026-1891,stu-1891,student
ana.vargas1892@example.com,ChangeMe1892!,STU-2026-1892,stu-1892,student
kristine.flores1893@example.com,ChangeMe1893!,STU-2026-1893,stu-1893,student
jessa.perez1894@example.com,ChangeMe1894!,STU-2026-1894,stu-1894,student
rosa.ortiz1895@example.com,ChangeMe1895!,STU-2026-1895,stu-1895,student
cecilia.silva1896@example.com,ChangeMe1896!,STU-2026-1896,stu-1896,student
grace.velasco1897@example.com,ChangeMe1897!,STU-2026-1897,stu-1897,student
liza.dela.cruz1898@example.com,ChangeMe1898!,STU-2026-1898,stu-1898,student
mariel.santos1899@example.com,ChangeMe1899!,STU-2026-1899,stu-1899,student
patricia.reyes1900@example.com,ChangeMe1900!,STU-2026-1900,stu-1900,student
juan.garcia1901@example.com,ChangeMe1901!,STU-2026-1901,stu-1901,student
jose.lopez1902@example.com,ChangeMe1902!,STU-2026-1902,stu-1902,student
miguel.cruz1903@example.com,ChangeMe1903!,STU-2026-1903,stu-1903,student
antonio.ramos1904@example.com,ChangeMe1904!,STU-2026-1904,stu-1904,student
carlos.torres1905@example.com,ChangeMe1905!,STU-2026-1905,stu-1905,student
mark.gonzales1906@example.com,ChangeMe1906!,STU-2026-1906,stu-1906,student
john.morales1907@example.com,ChangeMe1907!,STU-2026-1907,stu-1907,student
michael.diaz1908@example.com,ChangeMe1908!,STU-2026-1908,stu-1908,student
daniel.herrera1909@example.com,ChangeMe1909!,STU-2026-1909,stu-1909,student
luis.alvarez1910@example.com,ChangeMe1910!,STU-2026-1910,stu-1910,student
maria.navarro1911@example.com,ChangeMe1911!,STU-2026-1911,stu-1911,student
ana.vargas1912@example.com,ChangeMe1912!,STU-2026-1912,stu-1912,student
kristine.flores1913@example.com,ChangeMe1913!,STU-2026-1913,stu-1913,student
jessa.perez1914@example.com,ChangeMe1914!,STU-2026-1914,stu-1914,student
rosa.ortiz1915@example.com,ChangeMe1915!,STU-2026-1915,stu-1915,student
cecilia.silva1916@example.com,ChangeMe1916!,STU-2026-1916,stu-1916,student
grace.velasco1917@example.com,ChangeMe1917!,STU-2026-1917,stu-1917,student
liza.dela.cruz1918@example.com,ChangeMe1918!,STU-2026-1918,stu-1918,student
mariel.santos1919@example.com,ChangeMe1919!,STU-2026-1919,stu-1919,student
patricia.reyes1920@example.com,ChangeMe1920!,STU-2026-1920,stu-1920,student
juan.garcia1921@example.com,ChangeMe1921!,STU-2026-1921,stu-1921,student
jose.lopez1922@example.com,ChangeMe1922!,STU-2026-1922,stu-1922,student
miguel.cruz1923@example.com,ChangeMe1923!,STU-2026-1923,stu-1923,student
antonio.ramos1924@example.com,ChangeMe1924!,STU-2026-1924,stu-1924,student
carlos.torres1925@example.com,ChangeMe1925!,STU-2026-1925,stu-1925,student
mark.gonzales1926@example.com,ChangeMe1926!,STU-2026-1926,stu-1926,student
john.morales1927@example.com,ChangeMe1927!,STU-2026-1927,stu-1927,student
michael.diaz1928@example.com,ChangeMe1928!,STU-2026-1928,stu-1928,student
daniel.herrera1929@example.com,ChangeMe1929!,STU-2026-1929,stu-1929,student
luis.alvarez1930@example.com,ChangeMe1930!,STU-2026-1930,stu-1930,student
maria.navarro1931@example.com,ChangeMe1931!,STU-2026-1931,stu-1931,student
ana.vargas1932@example.com,ChangeMe1932!,STU-2026-1932,stu-1932,student
kristine.flores1933@example.com,ChangeMe1933!,STU-2026-1933,stu-1933,student
jessa.perez1934@example.com,ChangeMe1934!,STU-2026-1934,stu-1934,student
rosa.ortiz1935@example.com,ChangeMe1935!,STU-2026-1935,stu-1935,student
cecilia.silva1936@example.com,ChangeMe1936!,STU-2026-1936,stu-1936,student
grace.velasco1937@example.com,ChangeMe1937!,STU-2026-1937,stu-1937,student
liza.dela.cruz1938@example.com,ChangeMe1938!,STU-2026-1938,stu-1938,student
mariel.santos1939@example.com,ChangeMe1939!,STU-2026-1939,stu-1939,student
patricia.reyes1940@example.com,ChangeMe1940!,STU-2026-1940,stu-1940,student
juan.garcia1941@example.com,ChangeMe1941!,STU-2026-1941,stu-1941,student
jose.lopez1942@example.com,ChangeMe1942!,STU-2026-1942,stu-1942,student
miguel.cruz1943@example.com,ChangeMe1943!,STU-2026-1943,stu-1943,student
antonio.ramos1944@example.com,ChangeMe1944!,STU-2026-1944,stu-1944,student
carlos.torres1945@example.com,ChangeMe1945!,STU-2026-1945,stu-1945,student
mark.gonzales1946@example.com,ChangeMe1946!,STU-2026-1946,stu-1946,student
john.morales1947@example.com,ChangeMe1947!,STU-2026-1947,stu-1947,student
michael.diaz1948@example.com,ChangeMe1948!,STU-2026-1948,stu-1948,student
daniel.herrera1949@example.com,ChangeMe1949!,STU-2026-1949,stu-1949,student
luis.alvarez1950@example.com,ChangeMe1950!,STU-2026-1950,stu-1950,student
maria.navarro1951@example.com,ChangeMe1951!,STU-2026-1951,stu-1951,student
ana.vargas1952@example.com,ChangeMe1952!,STU-2026-1952,stu-1952,student
kristine.flores1953@example.com,ChangeMe1953!,STU-2026-1953,stu-1953,student
jessa.perez1954@example.com,ChangeMe1954!,STU-2026-1954,stu-1954,student
rosa.ortiz1955@example.com,ChangeMe1955!,STU-2026-1955,stu-1955,student
cecilia.silva1956@example.com,ChangeMe1956!,STU-2026-1956,stu-1956,student
grace.velasco1957@example.com,ChangeMe1957!,STU-2026-1957,stu-1957,student
liza.dela.cruz1958@example.com,ChangeMe1958!,STU-2026-1958,stu-1958,student
mariel.santos1959@example.com,ChangeMe1959!,STU-2026-1959,stu-1959,student
patricia.reyes1960@example.com,ChangeMe1960!,STU-2026-1960,stu-1960,student
juan.garcia1961@example.com,ChangeMe1961!,STU-2026-1961,stu-1961,student
jose.lopez1962@example.com,ChangeMe1962!,STU-2026-1962,stu-1962,student
miguel.cruz1963@example.com,ChangeMe1963!,STU-2026-1963,stu-1963,student
antonio.ramos1964@example.com,ChangeMe1964!,STU-2026-1964,stu-1964,student
carlos.torres1965@example.com,ChangeMe1965!,STU-2026-1965,stu-1965,student
mark.gonzales1966@example.com,ChangeMe1966!,STU-2026-1966,stu-1966,student
john.morales1967@example.com,ChangeMe1967!,STU-2026-1967,stu-1967,student
michael.diaz1968@example.com,ChangeMe1968!,STU-2026-1968,stu-1968,student
daniel.herrera1969@example.com,ChangeMe1969!,STU-2026-1969,stu-1969,student
luis.alvarez1970@example.com,ChangeMe1970!,STU-2026-1970,stu-1970,student
maria.navarro1971@example.com,ChangeMe1971!,STU-2026-1971,stu-1971,student
ana.vargas1972@example.com,ChangeMe1972!,STU-2026-1972,stu-1972,student
kristine.flores1973@example.com,ChangeMe1973!,STU-2026-1973,stu-1973,student
jessa.perez1974@example.com,ChangeMe1974!,STU-2026-1974,stu-1974,student
rosa.ortiz1975@example.com,ChangeMe1975!,STU-2026-1975,stu-1975,student
cecilia.silva1976@example.com,ChangeMe1976!,STU-2026-1976,stu-1976,student
grace.velasco1977@example.com,ChangeMe1977!,STU-2026-1977,stu-1977,student
liza.dela.cruz1978@example.com,ChangeMe1978!,STU-2026-1978,stu-1978,student
mariel.santos1979@example.com,ChangeMe1979!,STU-2026-1979,stu-1979,student
patricia.reyes1980@example.com,ChangeMe1980!,STU-2026-1980,stu-1980,student
juan.garcia1981@example.com,ChangeMe1981!,STU-2026-1981,stu-1981,student
jose.lopez1982@example.com,ChangeMe1982!,STU-2026-1982,stu-1982,student
miguel.cruz1983@example.com,ChangeMe1983!,STU-2026-1983,stu-1983,student
antonio.ramos1984@example.com,ChangeMe1984!,STU-2026-1984,stu-1984,student
carlos.torres1985@example.com,ChangeMe1985!,STU-2026-1985,stu-1985,student
mark.gonzales1986@example.com,ChangeMe1986!,STU-2026-1986,stu-1986,student
john.morales1987@example.com,ChangeMe1987!,STU-2026-1987,stu-1987,student
michael.diaz1988@example.com,ChangeMe1988!,STU-2026-1988,stu-1988,student
daniel.herrera1989@example.com,ChangeMe1989!,STU-2026-1989,stu-1989,student
luis.alvarez1990@example.com,ChangeMe1990!,STU-2026-1990,stu-1990,student
maria.navarro1991@example.com,ChangeMe1991!,STU-2026-1991,stu-1991,student
ana.vargas1992@example.com,ChangeMe1992!,STU-2026-1992,stu-1992,student
kristine.flores1993@example.com,ChangeMe1993!,STU-2026-1993,stu-1993,student
jessa.perez1994@example.com,ChangeMe1994!,STU-2026-1994,stu-1994,student
rosa.ortiz1995@example.com,ChangeMe1995!,STU-2026-1995,stu-1995,student
cecilia.silva1996@example.com,ChangeMe1996!,STU-2026-1996,stu-1996,student
grace.velasco1997@example.com,ChangeMe1997!,STU-2026-1997,stu-1997,student
liza.dela.cruz1998@example.com,ChangeMe1998!,STU-2026-1998,stu-1998,student
mariel.santos1999@example.com,ChangeMe1999!,STU-2026-1999,stu-1999,student
patricia.reyes2000@example.com,ChangeMe2000!,STU-2026-2000,stu-2000,student