index,name,email,password,uid,idNumber
501,Liam Garcia,student0501@students.local,Student@123,BnN1q07YC6EZxrxYmZ2qma6cvrQq,20260501
502,Noah Garcia,student0502@students.local,Student@123,Z9WIewtcSqCF1pLXuOf9SmtuZa9k,20260502
503,Oliver Garcia,student0503@students.local,Student@123,NlEXazjof0zTH2LJMMURtwVd0gEv,20260503
504,Elijah Garcia,student0504@students.local,Student@123,ltc1Lg6XZtpNeWY6ivkFItEC4Ip4,20260504
505,James Garcia,student0505@students.local,Student@123,f9InQDkTHomwxDPIFqjLfj6CXBaT,20260505
506,William Garcia,student0506@students.local,Student@123,V9fonVwmTg8FHOOeWDl8D5dBpngw,20260506
507,Benjamin Garcia,student0507@students.local,Student@123,gajmAUJTCFRqIVcLqeaXyaN4DsaM,20260507
508,Lucas Garcia,student0508@students.local,Student@123,UW0G2hD1sDSsCFmTfjNxP9NnymE8,20260508
509,Henry Garcia,student0509@students.local,Student@123,G58ttr8QsqrKobcaJ4yGJ00FLHeJ,20260509
510,Alexander Garcia,student0510@students.local,Student@123,s7iXE1MWz12nL74Kj6VuJMP9D6td,20260510
511,Mason Garcia,student0511@students.local,Student@123,MrDB1ePMo8CJ56kTFDajspiKW3X8,20260511
512,Michael Garcia,student0512@students.local,Student@123,f4MltTOh9bhtlRmy2VL9I79uQjeK,20260512
513,Ethan Garcia,student0513@students.local,Student@123,pYAPh0QFbMl4d2idxR4aa0ezxcLQ,20260513
514,Daniel Garcia,student0514@students.local,Student@123,Aq8SD1BC0mQRodseaMW5A4sXxKgU,20260514
515,Jacob Garcia,student0515@students.local,Student@123,mbeayhBeeGVMVdiReSmpUzeYJenX,20260515
516,Logan Garcia,student0516@students.local,Student@123,C6blfBlezg0ZnV6Nu7K7QRwGR9hr,20260516
517,Jackson Garcia,student0517@students.local,Student@123,ZlTgNQkIyzhN4FdFYatT6gN4eQW6,20260517
518,Levi Garcia,student0518@students.local,Student@123,XqZO8rgIJYSou289OcQIzTIF7J81,20260518
519,Sebastian Garcia,student0519@students.local,Student@123,6JAgVz2fSwVNJ6vBBs8LGwmlSpPR,20260519
520,Mateo Garcia,student0520@students.local,Student@123,TfNMhWZhy7sWftp7eJeVQY2wRfZB,20260520
521,Jack Garcia,student0521@students.local,Student@123,QjzYnDCDupNJjhYwtHLWZ4rGuSTK,20260521
522,Owen Garcia,student0522@students.local,Student@123,Gpd40zkzGWnv7hJiheGHILVe0Niv,20260522
523,Theodore Garcia,student0523@students.local,Student@123,9xVmYVBPzX6rizExKeasm2FFCrQW,20260523
524,Aiden Garcia,student0524@students.local,Student@123,MAL7zmaPif3RhcE7m2AXTztgVDVJ,20260524
525,Samuel Garcia,student0525@students.local,Student@123,Uf1MApQ5XF11HKZMHb6NGHBbHfk9,20260525
526,Joseph Garcia,student0526@students.local,Student@123,C43ZDyqfSOzem5FduMpA0iZ9YgMI,20260526
527,John Garcia,student0527@students.local,Student@123,9nsqQKWym5tHEqmnpVP22vv6zM2Q,20260527
528,David Garcia,student0528@students.local,Student@123,qdhygSvN57mUxZJbacajopmrssHl,20260528
529,Wyatt Garcia,student0529@students.local,Student@123,aVh584GzEQvjTg6pXWL1eL6LRSNw,20260529
530,Matthew Garcia,student0530@students.local,Student@123,N5sP195nrpOLIkXLtAINQ0EaYiNn,20260530
531,Luke Garcia,student0531@students.local,Student@123,i2JU2p9HLxDXAcTN2q6KYvCuQ1So,20260531
532,Asher Garcia,student0532@students.local,Student@123,pNIFyH6h7n7F9GyVz0zGswaSmypL,20260532
533,Carter Garcia,student0533@students.local,Student@123,ZMs1rwCHGVsw2RKC9ccV122sEWoN,20260533
534,Julian Garcia,student0534@students.local,Student@123,oW8YVXqXADuC5lqZOZzxH2yDhQTD,20260534
535,Grayson Garcia,student0535@students.local,Student@123,JwxCvcibCrzEQG1esZ3Pu7PVcwBj,20260535
536,Leo Garcia,student0536@students.local,Student@123,cgRHB5ok1Sz2T2qrVTC6szC6pIYA,20260536
537,Jayden Garcia,student0537@students.local,Student@123,iY7FyRnleyStg6LISw0TqknkeOue,20260537
538,Gabriel Garcia,student0538@students.local,Student@123,rgbGGtYK8Fc8vuCsUFkS11KBV3NN,20260538
539,Isaac Garcia,student0539@students.local,Student@123,JpQgmKlvKdrmF1BRUK3lqVjHatZd,20260539
540,Lincoln Garcia,student0540@students.local,Student@123,n8ir6OfE4dfucUur9EYHMAA9j1C9,20260540
541,Anthony Garcia,student0541@students.local,Student@123,01PBzJozqk7FZJ7MqS0s05N6KC4O,20260541
542,Hudson Garcia,student0542@students.local,Student@123,TRA2x92ciPBTZu6Lm6OCUFv860Mk,20260542
543,Dylan Garcia,student0543@students.local,Student@123,6KWwb0A1a9YlGKyiC8lmrLCbypjv,20260543
544,Ezra Garcia,student0544@students.local,Student@123,hRpgo1t5PvTibHMz7Ktd3X3TfAJg,20260544
545,Thomas Garcia,student0545@students.local,Student@123,QxfJhUo5RfLDVf9SlA7NZgqRq3Yt,20260545
546,Charles Garcia,student0546@students.local,Student@123,zngP2wYwuA1lyuAsdEmbI0XJxpxm,20260546
547,Christopher Garcia,student0547@students.local,Student@123,pyLVElZnf59yBRzna1OpS6QKgV62,20260547
548,Jaxon Garcia,student0548@students.local,Student@123,OtVPx2x7F4tEzklkhP5FCR3ze2eZ,20260548
549,Maverick Garcia,student0549@students.local,Student@123,gGo3O9oK7XC1xXBh6Bjd9gb9JHIR,20260549
550,Josiah Garcia,student0550@students.local,Student@123,blScQ79xetSQFHJ45jr558J3ranJ,20260550
551,Ava Garcia,student0551@students.local,Student@123,vgXzHfILFBplDkNwqH1XlbTHQHWc,20260551
552,Emma Garcia,student0552@students.local,Student@123,H4oT1M4Re6AUuw1diEPUQPUohDcZ,20260552
553,Sophia Garcia,student0553@students.local,Student@123,c5eP46vY55vbdK7lJd6CAIjpXXIi,20260553
554,Isabella Garcia,student0554@students.local,Student@123,qLIPNBqUvaLl7G7D6phaRDrhAjMq,20260554
555,Mia Garcia,student0555@students.local,Student@123,6tk5rJ9I3S6TeROUCXMjHm7O6QqN,20260555
556,Evelyn Garcia,student0556@students.local,Student@123,2iue7P8qsyevnpOovq0XDlYSeLOd,20260556
557,Harper Garcia,student0557@students.local,Student@123,AukuyxnJf124XSnguGX4FxgiJl0I,20260557
558,Luna Garcia,student0558@students.local,Student@123,eepckFbROwgY7mwKfTMCjhyt4L4S,20260558
559,Camila Garcia,student0559@students.local,Student@123,Rfwf6MPzEN902kG52XZqzbXidBpt,20260559
560,Gianna Garcia,student0560@students.local,Student@123,UgoSrSvU54W3CRhsMLhpIDchSOCR,20260560
561,Elizabeth Garcia,student0561@students.local,Student@123,Y3Oc73BqCM1DanO9rvCUQ32yZhbx,20260561
562,Eleanor Garcia,student0562@students.local,Student@123,DgkbxeZM6Dw9DEzbRwk54tm1oHJQ,20260562
563,Ella Garcia,student0563@students.local,Student@123,Q8wWc3nBRgdDZhZuGDLZPgq0zqSM,20260563
564,Abigail Garcia,student0564@students.local,Student@123,5Jb8fqaJrgjLNHBatCNWxsft62a1,20260564
565,Sofia Garcia,student0565@students.local,Student@123,WJJ5rKLpAR9ewglu9l1M0yE2ML0Z,20260565
566,Avery Garcia,student0566@students.local,Student@123,vKYVzvflquCL91BwkDZJAngfXLQ5,20260566
567,Scarlett Garcia,student0567@students.local,Student@123,oEmfkAUnqH76egDvgwqON2Vk45eb,20260567
568,Emily Garcia,student0568@students.local,Student@123,jO0JUhhNuvZSvwBjSDmZkpaSgXod,20260568
569,Aria Garcia,student0569@students.local,Student@123,ycKkQJWWMfxmyofJrXTeAzLeAspT,20260569
570,Penelope Garcia,student0570@students.local,Student@123,LSwKPz1E52lec3RPZIlCdO8HvSsJ,20260570
571,Chloe Garcia,student0571@students.local,Student@123,eFzPU0Lzv4kVWUmmScL2ENhXlWIk,20260571
572,Layla Garcia,student0572@students.local,Student@123,SjrUQMVyXwhjdy3PhaZpu2xUokno,20260572
573,Mila Garcia,student0573@students.local,Student@123,R6onG1klHSZkNGZ1wbjZT02b3daO,20260573
574,Nora Garcia,student0574@students.local,Student@123,JGMbLZrKTtXRVFCocu4NGuKut1Ea,20260574
575,Hazel Garcia,student0575@students.local,Student@123,HpSafj2Gi38fvCjCYNnNEQuz7kdq,20260575
576,Madison Garcia,student0576@students.local,Student@123,aPhBeV29VkPo3vFhuvtDl8Tldi4P,20260576
577,Ellie Garcia,student0577@students.local,Student@123,cNU1xvlijHZpaY0tMa6rN1qladqj,20260577
578,Lily Garcia,student0578@students.local,Student@123,wPDXeSBChJrCHcmfMHAppCK20kHN,20260578
579,Nova Garcia,student0579@students.local,Student@123,DW3iAE5h13yv7fZIh7b2uVMpyyLz,20260579
580,Isla Garcia,student0580@students.local,Student@123,OqguNmtr2ujsCyfy7ocPAQFFhJxW,20260580
581,Grace Garcia,student0581@students.local,Student@123,8bQJWTEIA49QFECKJoIoj4O3zEVw,20260581
582,Violet Garcia,student0582@students.local,Student@123,TGjZ0Abrnf18o9Gi3gA4gYYR471E,20260582
583,Aurora Garcia,student0583@students.local,Student@123,Y1rWcIZWWDLgYZGniBVjWFPMd4Jn,20260583
584,Riley Garcia,student0584@students.local,Student@123,RkUu05YPppJcRM28tBhHiCzl0zNN,20260584
585,Zoey Garcia,student0585@students.local,Student@123,3tXi5GSKjM57AyXkDplgHApP2mD7,20260585
586,Willow Garcia,student0586@students.local,Student@123,YJCVjKMo1NL3DuMnwg2soTzyb7hE,20260586
587,Emilia Garcia,student0587@students.local,Student@123,xBQaG79Sc5HXxSiETrUaVjGmQtJd,20260587
588,Stella Garcia,student0588@students.local,Student@123,r7m2oSzXvyWm9Uvc9AcibmL7IC6P,20260588
589,Zoe Garcia,student0589@students.local,Student@123,VDKV8kxbdjzCYpICMAWzJFQHat29,20260589
590,Victoria Garcia,student0590@students.local,Student@123,wgFIQZMYXuavkclkmfw5Sf89TZZa,20260590
591,Hannah Garcia,student0591@students.local,Student@123,CAS89HztKgLcZR9U9GZn1LVXxdP7,20260591
592,Addison Garcia,student0592@students.local,Student@123,vh7SSWiijxENimM5kmzu5r5bSfsw,20260592
593,Leah Garcia,student0593@students.local,Student@123,mQLsiWi3NYgiclIrMrKEeKc0Zb6P,20260593
594,Lucy Garcia,student0594@students.local,Student@123,UQhoo7Tx0EzGlFCSADAWGrZtphcc,20260594
595,Eliana Garcia,student0595@students.local,Student@123,f5JWJzVSvHCGmDGYSzXHlbUhVBLF,20260595
596,Ivy Garcia,student0596@students.local,Student@123,R9kH5B6RMZ1Zo1L48HC5rzqFPnV6,20260596
597,Everly Garcia,student0597@students.local,Student@123,fKKmrOXhzkPZ7lnVsryx0j9cuoJZ,20260597
598,Lillian Garcia,student0598@students.local,Student@123,zh9DtRkUSKRHZW1s1iFPnFZeTGz8,20260598
599,Paisley Garcia,student0599@students.local,Student@123,86pXlRpyqZBuEroOCdlhHUdPOz1P,20260599
600,Natalie Garcia,student0600@students.local,Student@123,eilW8qYOItN2UzH01RE3LngEqhPC,20260600
601,Liam Miller,student0601@students.local,Student@123,dzMyukqiqZWnB552FCmb4UGBkDB2,20260601
602,Noah Miller,student0602@students.local,Student@123,eWl9dF05gqaRRWA45nRBewZwRY4P,20260602
603,Oliver Miller,student0603@students.local,Student@123,35SGarVIPEh9b0opUBUumdd132qc,20260603
604,Elijah Miller,student0604@students.local,Student@123,oAldJELbFVp8f1O4jEvlvpvv7orx,20260604
605,James Miller,student0605@students.local,Student@123,2APVy4si1YFIjp1j9A3sdtDYlfRt,20260605
606,William Miller,student0606@students.local,Student@123,4gaDgD0P7z0VdWybqbqwOuHpB7Ux,20260606
607,Benjamin Miller,student0607@students.local,Student@123,aAAsVXZcCsEvKLEpIlEjL9FcWT8U,20260607
608,Lucas Miller,student0608@students.local,Student@123,8YFwjadcDSWZGNYgILbgexxUeA7w,20260608
609,Henry Miller,student0609@students.local,Student@123,n7EVKo6ODE3xKIHSem9zBZ2UdXSc,20260609
610,Alexander Miller,student0610@students.local,Student@123,UgkKuq9NTPgI9cDqcvVywjZiiS3a,20260610
611,Mason Miller,student0611@students.local,Student@123,9qcPBlrTBJsqwcTFSdBOsTtav1xn,20260611
612,Michael Miller,student0612@students.local,Student@123,ABMHNXkMluDMP8ClBSZnqaEli3Sm,20260612
613,Ethan Miller,student0613@students.local,Student@123,kUGBtdg28ngknvXNZcxKpIzrv9d3,20260613
614,Daniel Miller,student0614@students.local,Student@123,iDWeEDGb0exyTZlOMkRAf8Quhjcc,20260614
615,Jacob Miller,student0615@students.local,Student@123,mP55DcQMV6V6e9v92zwjadY1dDTa,20260615
616,Logan Miller,student0616@students.local,Student@123,XyIZw8pcqqLhCQBTwFYUhqZ7hEQ0,20260616
617,Jackson Miller,student0617@students.local,Student@123,QXMo9TaMzv5puTX2icSclT9tDeYW,20260617
618,Levi Miller,student0618@students.local,Student@123,IlqyjRYYkDszy5fpbPd5xknCHl8g,20260618
619,Sebastian Miller,student0619@students.local,Student@123,Rcjr4NYbMyCC7tfcLhUkzjwC9DkV,20260619
620,Mateo Miller,student0620@students.local,Student@123,XjVwANAIqIlnkbFoECWr7mS6UWb9,20260620
621,Jack Miller,student0621@students.local,Student@123,lcfKupcclktu0BhU2qkApfnUcrDY,20260621
622,Owen Miller,student0622@students.local,Student@123,r1CBcrPLSiTUuT7zpN7pX9GR3nIO,20260622
623,Theodore Miller,student0623@students.local,Student@123,LhE0bQo6A3JS1fbL8KTmBYL87XRK,20260623
624,Aiden Miller,student0624@students.local,Student@123,n9JP0VVbJjAF5GZESgfw8RFbsyQ2,20260624
625,Samuel Miller,student0625@students.local,Student@123,MTvdsL02eHF3b7TTYlPLeVqTe77C,20260625
626,Joseph Miller,student0626@students.local,Student@123,iWcD8JaP9QTnQalDq4MxziKDZeoW,20260626
627,John Miller,student0627@students.local,Student@123,k88Ax8ynetwb1p5BMRbjeMHS5s5w,20260627
628,David Miller,student0628@students.local,Student@123,sa5iJJOBDPwQmw7DYbpCoJBiRKpB,20260628
629,Wyatt Miller,student0629@students.local,Student@123,cTQQQsQCHzpXJgdXUpDoRrXBd3uy,20260629
630,Matthew Miller,student0630@students.local,Student@123,c4VUaA5lUO0pIdSmhFMcgvMc5Nzr,20260630
631,Luke Miller,student0631@students.local,Student@123,dVaxAORLkfDloLGvKifyrjPTxGzB,20260631
632,Asher Miller,student0632@students.local,Student@123,e4pILSrzKbGIyKBzUUtHS2p2Eo7o,20260632
633,Carter Miller,student0633@students.local,Student@123,zL0dCkJrjsEkunm6YdwJkPwM31jG,20260633
634,Julian Miller,student0634@students.local,Student@123,mHbUfoD9J62udLp4mbnw79wUc5MG,20260634
635,Grayson Miller,student0635@students.local,Student@123,jyr8RHoH7pp9XS6kB4Mlx3r3HQ75,20260635
636,Leo Miller,student0636@students.local,Student@123,IXC8TGqEp7xFvYdxGzOqF3m1z3kk,20260636
637,Jayden Miller,student0637@students.local,Student@123,UWerWyiS8SpIRG0xR33ZPtU0LFUC,20260637
638,Gabriel Miller,student0638@students.local,Student@123,469ss8WvMpmdHkebj3R2OJHUKcvK,20260638
639,Isaac Miller,student0639@students.local,Student@123,qLRIwLlUaipAw6lgLfgfNhiwgxrC,20260639
640,Lincoln Miller,student0640@students.local,Student@123,X1wNSkj6TptjScoveRGMXn6YsJas,20260640
641,Anthony Miller,student0641@students.local,Student@123,7wWy9gkvMxjY4raVFGN93prwE1AI,20260641
642,Hudson Miller,student0642@students.local,Student@123,qKHRwUu969UIemENTBvUldhiIR4X,20260642
643,Dylan Miller,student0643@students.local,Student@123,pTRKsqIdUUm8pSSlgPDHsfcC6uEs,20260643
644,Ezra Miller,student0644@students.local,Student@123,3p0BvsiPzMkUGTKx7KkwxkklqJZi,20260644
645,Thomas Miller,student0645@students.local,Student@123,sWEORpvhamwmYDmOMEDiAFCAFdpR,20260645
646,Charles Miller,student0646@students.local,Student@123,cW6zHUlLDs4izYgq9O4N9OB2yFkz,20260646
647,Christopher Miller,student0647@students.local,Student@123,4JJpy4nWiHX29Xw52hlsTHBwQ8iw,20260647
648,Jaxon Miller,student0648@students.local,Student@123,Y0GS2uPRmfWk4vmjlXHOOfaM9l8L,20260648
649,Maverick Miller,student0649@students.local,Student@123,MtkIRVIOohEuva02wRLHIbBoBSDT,20260649
650,Josiah Miller,student0650@students.local,Student@123,tlOf3oa5taIF6TNqTCncD4f8JahU,20260650
651,Ava Miller,student0651@students.local,Student@123,wL11MWO8M2bmznN6dOBy0Da0FuDX,20260651
652,Emma Miller,student0652@students.local,Student@123,E2HDoF0zbTGGxMx7zC5geSPXwLzD,20260652
653,Sophia Miller,student0653@students.local,Student@123,SchNLk2VhJyXSb5ipDZ41GzWW0L4,20260653
654,Isabella Miller,student0654@students.local,Student@123,zmmPEBu01xfdLGSamDwBS4r53IYa,20260654
655,Mia Miller,student0655@students.local,Student@123,msxqH2RXfJpq0YuNtcehofMg5BMX,20260655
656,Evelyn Miller,student0656@students.local,Student@123,TQP107wtdlbbvs8egbHWv0s36mAR,20260656
657,Harper Miller,student0657@students.local,Student@123,GTXNYegQTzSDbPFp5QwKqDXTOe0d,20260657
658,Luna Miller,student0658@students.local,Student@123,krd45UjKByeWRWGV7V4yyvYuj8q6,20260658
659,Camila Miller,student0659@students.local,Student@123,P8pO9OC9xOnyj945sJqdKViZqk9o,20260659
660,Gianna Miller,student0660@students.local,Student@123,epaKxfY3uXTBkueCPRZDQCXCuSB4,20260660
661,Elizabeth Miller,student0661@students.local,Student@123,X2d4FUYmgPdS4r6m1s7Mb8G25ktx,20260661
662,Eleanor Miller,student0662@students.local,Student@123,27vpg3IaaL3TmkZDFTrAdXcDtVHP,20260662
663,Ella Miller,student0663@students.local,Student@123,RYAoDbmE9BnGAIowzBlWcQPPud0S,20260663
664,Abigail Miller,student0664@students.local,Student@123,KPv2lVnQXoxwTpfNbwAUEI19ilEc,20260664
665,Sofia Miller,student0665@students.local,Student@123,IpvZjQvuvuTlQQdVVw15VzjkjJTw,20260665
666,Avery Miller,student0666@students.local,Student@123,VWNbEmt2K4dJey7yt2iv4fddpP2u,20260666
667,Scarlett Miller,student0667@students.local,Student@123,rRMvnZbNUK3ydZk9pwtFcMOTbiCs,20260667
668,Emily Miller,student0668@students.local,Student@123,qaHDba8Ek9OkUccGWYgOJ7vO1kOY,20260668
669,Aria Miller,student0669@students.local,Student@123,tKhiNWvEG1wo3if4ZefoYrD5R3Wh,20260669
670,Penelope Miller,student0670@students.local,Student@123,UwBHALQriuJx3npSowpTFASs2ydn,20260670
671,Chloe Miller,student0671@students.local,Student@123,F3f99EWbx0ZdiZOolCBFfxITJOcq,20260671
672,Layla Miller,student0672@students.local,Student@123,b2iM66b1BJ0IrEiKiCRsv2Resf9r,20260672
673,Mila Miller,student0673@students.local,Student@123,5iEgbTc935ZQ76HQfTZls7twIh1r,20260673
674,Nora Miller,student0674@students.local,Student@123,WFLUlOeOYZopkCTLCdVjAxXmJlSK,20260674
675,Hazel Miller,student0675@students.local,Student@123,yO1A3UdgYULTpLAx16ckwXFOztmV,20260675
676,Madison Miller,student0676@students.local,Student@123,KSJFvh9yJUqaypBOM4RIA0jcgW9n,20260676
677,Ellie Miller,student0677@students.local,Student@123,ShaFX5GawNPtjZsHdUUWbT6n95OM,20260677
678,Lily Miller,student0678@students.local,Student@123,fYHZajoxVxnweybinBph5BCGl1e0,20260678
679,Nova Miller,student0679@students.local,Student@123,swe3it2WfcLWDqFLhAB1ys7IdWjH,20260679
680,Isla Miller,student0680@students.local,Student@123,ZIzoBgGqfu1SNF1q6Xq4JRyOC7QO,20260680
681,Grace Miller,student0681@students.local,Student@123,bslUfZamieff5GMyAynwGMV65J42,20260681
682,Violet Miller,student0682@students.local,Student@123,GbSNMzflxyzybTE4q5rG9HhvqhFZ,20260682
683,Aurora Miller,student0683@students.local,Student@123,I3LTYGOCWSq7kDtpeuVobx9ief7D,20260683
684,Riley Miller,student0684@students.local,Student@123,fRzgShIHQ4Tnt7Uny87yDNcRuiGI,20260684
685,Zoey Miller,student0685@students.local,Student@123,VyUpjH9HntmLFGjsEdfAIQhXJykh,20260685
686,Willow Miller,student0686@students.local,Student@123,lsTB8oKZ2T7e0q5Naa7YY6xHaXzA,20260686
687,Emilia Miller,student0687@students.local,Student@123,K2hG0tcAGjMEqDuzauOurFDtp69M,20260687
688,Stella Miller,student0688@students.local,Student@123,WgYsNCNGUwAAtHfRfwv86iBjxuDg,20260688
689,Zoe Miller,student0689@students.local,Student@123,P5tuDZyZOBBpTRulxxkoofGO2k4W,20260689
690,Victoria Miller,student0690@students.local,Student@123,vNs9FgYrtNjBvPfDd5y7Fi30fnHW,20260690
691,Hannah Miller,student0691@students.local,Student@123,D6OJQfFI7JaqgaJASTKNJfOmIaRy,20260691
692,Addison Miller,student0692@students.local,Student@123,jmThkLfvkT2PT0MY0ItL0qAHU9IH,20260692
693,Leah Miller,student0693@students.local,Student@123,z85eraLY1jY8wPniEScDtC9FmDVN,20260693
694,Lucy Miller,student0694@students.local,Student@123,fZs7E3Z8UKHE0rN4ySu2mmyRxLiH,20260694
695,Eliana Miller,student0695@students.local,Student@123,RyoXeEa5Z5XYvgnZRuQPl2hF5Ce5,20260695
696,Ivy Miller,student0696@students.local,Student@123,npqqEgPwEpcnFwSRlego3CB1pOfX,20260696
697,Everly Miller,student0697@students.local,Student@123,oI9UvDvoCN8nnxZpQazAh5l53r0M,20260697
698,Lillian Miller,student0698@students.local,Student@123,bAuJ4MQdqm8hlaze8U6n51QeBdHp,20260698
699,Paisley Miller,student0699@students.local,Student@123,oaqY03VCkOvcXcMtR8Dixs3vwQyL,20260699
700,Natalie Miller,student0700@students.local,Student@123,yl9dUBDYSy50UM23ymSZCNamEF64,20260700
701,Liam Davis,student0701@students.local,Student@123,kPESo72nhhrvHHM7MAnQfBwnh8rp,20260701
702,Noah Davis,student0702@students.local,Student@123,kVi395sipyD2k4bziC1Reqd0j1E5,20260702
703,Oliver Davis,student0703@students.local,Student@123,FqP3j9iDeMS7GVDe6rnUf60I3j35,20260703
704,Elijah Davis,student0704@students.local,Student@123,5uJNudAvw4yMAlLfIgxYzFaKaqNo,20260704
705,James Davis,student0705@students.local,Student@123,JIZOgup3PZM9gBJ43Vnjcu4kj4ki,20260705
706,William Davis,student0706@students.local,Student@123,KVgy3vvHFxSCN4JRq2Pjp6sDI0dh,20260706
707,Benjamin Davis,student0707@students.local,Student@123,trolQOnzsvotGlYueMn8a4bWnUzL,20260707
708,Lucas Davis,student0708@students.local,Student@123,1NOXQO4MECv6eIKDQCyreiuWEqTo,20260708
709,Henry Davis,student0709@students.local,Student@123,HkPzRNeLuGp4blhw0Rfhvr7Klweh,20260709
710,Alexander Davis,student0710@students.local,Student@123,lys5Q8xDQYcVsMvJkMFf4w3ZdOEf,20260710
711,Mason Davis,student0711@students.local,Student@123,Bx7GbHA9cEjOTzXSKAUPDxGA2HDX,20260711
712,Michael Davis,student0712@students.local,Student@123,ixVrkcGnn6bfc5TsebNHaA1g8WuW,20260712
713,Ethan Davis,student0713@students.local,Student@123,zTJwUzUpVNVEEgB0Z4MH2ukAGoYS,20260713
714,Daniel Davis,student0714@students.local,Student@123,TYcVCHXrKsK5qB10SnG2JakE1zs8,20260714
715,Jacob Davis,student0715@students.local,Student@123,Zf4Q990kZyOovBtHiS4AtORX446k,20260715
716,Logan Davis,student0716@students.local,Student@123,dtOISqMFlnDY1Ht5b415zLetvyln,20260716
717,Jackson Davis,student0717@students.local,Student@123,IPzamsGBDX0ElgdJgkbQL0GJSycp,20260717
718,Levi Davis,student0718@students.local,Student@123,xV0Zpo3xOXTb62UHTOGKwASgK98g,20260718
719,Sebastian Davis,student0719@students.local,Student@123,waYkR5PDXGVNvNtvBJkjI911s4fu,20260719
720,Mateo Davis,student0720@students.local,Student@123,vtDwWfO3QsLX4HjchYKSuxdZsioL,20260720
721,Jack Davis,student0721@students.local,Student@123,mgMxMyNqH7uMlzRTPnc64hes6GZ9,20260721
722,Owen Davis,student0722@students.local,Student@123,89zZGhDFW9P7bdmfL2F0IDWqJ7ml,20260722
723,Theodore Davis,student0723@students.local,Student@123,LlV3Q5CanyduCUj4I3YTkRjHXBAm,20260723
724,Aiden Davis,student0724@students.local,Student@123,x4KH8IFMLZ9ZwRsCJ92Kx4aJVxqt,20260724
725,Samuel Davis,student0725@students.local,Student@123,0QHpp9632MbMpv1pfdGMN0FasK4J,20260725
726,Joseph Davis,student0726@students.local,Student@123,XYwTQ21gwUnXrKSNqar550m7BEkK,20260726
727,John Davis,student0727@students.local,Student@123,9jlnEtGNDc8JsBbuzlMHG05CJ27O,20260727
728,David Davis,student0728@students.local,Student@123,A0XLgdkkwnGyQpCDc7lrVs4CgtRL,20260728
729,Wyatt Davis,student0729@students.local,Student@123,9Hu5ytNkj4ioSn3Qzn9AREGJnP0f,20260729
730,Matthew Davis,student0730@students.local,Student@123,ee6jZ0FcWqap6yiLYcEG4IoGwDT7,20260730
731,Luke Davis,student0731@students.local,Student@123,EkOgTezmjquga90WodBflpwcjv04,20260731
732,Asher Davis,student0732@students.local,Student@123,Bkf5wFHc1Bue7Bgk7S4nik7WVSsr,20260732
733,Carter Davis,student0733@students.local,Student@123,pmRqYH8RvZknlOsbz3Z71KiOCth9,20260733
734,Julian Davis,student0734@students.local,Student@123,jQVe1RDlgvUMIJ9afASZTyZqcFoX,20260734
735,Grayson Davis,student0735@students.local,Student@123,IMWyETE4t3KgUW3mHWjZ0Nl2BEjF,20260735
736,Leo Davis,student0736@students.local,Student@123,CVqipAzPYBSpAsTctP35Rej7kK2g,20260736
737,Jayden Davis,student0737@students.local,Student@123,Hw352cRyqxnzYkVtL8bhdMqIkx8E,20260737
738,Gabriel Davis,student0738@students.local,Student@123,rcSYxevyxQUchHeUDA8FFh2aKOmA,20260738
739,Isaac Davis,student0739@students.local,Student@123,eYfS64B3HdhI53G8iPiJPlA8A2yx,20260739
740,Lincoln Davis,student0740@students.local,Student@123,V4EBXsyE7objpqAp76eCQ8SAo7v4,20260740
741,Anthony Davis,student0741@students.local,Student@123,JEN8kURFVvq4RVj4zy96rjdmTjI3,20260741
742,Hudson Davis,student0742@students.local,Student@123,ZV0EgsfLIxOPvkAxJqenSscInpjC,20260742
743,Dylan Davis,student0743@students.local,Student@123,ELoG5c3EnOQMLPe7BOeMuKWBuH97,20260743
744,Ezra Davis,student0744@students.local,Student@123,skvr0vPJTifqAiny9WN7f3QXu0h4,20260744
745,Thomas Davis,student0745@students.local,Student@123,SFETpQa5wu4DqgY8SNhLeS6ylcDR,20260745
746,Charles Davis,student0746@students.local,Student@123,n1WOB4U5ADpc2eiKfHwMypx9ejbx,20260746
747,Christopher Davis,student0747@students.local,Student@123,AQOp9gAAGcVcpaGSmmAEx51Wsc5t,20260747
748,Jaxon Davis,student0748@students.local,Student@123,fJd4B6Wi8tDyMXHLLx5gKF0erJAT,20260748
749,Maverick Davis,student0749@students.local,Student@123,NwXHVkfdJvAeq1yGyGaFBdj6NijZ,20260749
750,Josiah Davis,student0750@students.local,Student@123,3vwIVfX5uhuWpZ0QUbvr1vKIOMgt,20260750
751,Ava Davis,student0751@students.local,Student@123,nx8B3tEyTy0RJMVatGGb4u4oVIG4,20260751
752,Emma Davis,student0752@students.local,Student@123,TETpwU4JofsIDbE6SOj8Ag2nECQe,20260752
753,Sophia Davis,student0753@students.local,Student@123,A4Svor5Mon137WhIOQJePVF4lJ4V,20260753
754,Isabella Davis,student0754@students.local,Student@123,LxwWtY249sSlcbAINoJSlMCmcOta,20260754
755,Mia Davis,student0755@students.local,Student@123,yRQ1fd8zFpx2xYhTSwLckTu1XCg0,20260755
756,Evelyn Davis,student0756@students.local,Student@123,ZcKvZOC7gcLQQyFkBNCg99RPxmNX,20260756
757,Harper Davis,student0757@students.local,Student@123,HIWnj4IPHiptXoP0zfKgpRucMCUT,20260757
758,Luna Davis,student0758@students.local,Student@123,0OPj8dmlMQiL6y2tZ15aCEZkJxMx,20260758
759,Camila Davis,student0759@students.local,Student@123,gH7teyDq1LKe6l9YQuooEkvjVhYH,20260759
760,Gianna Davis,student0760@students.local,Student@123,S2egrCQKoYexqlepPXlcEkXvIc0N,20260760
761,Elizabeth Davis,student0761@students.local,Student@123,TmiOUCCxm8motDruTJDuhY8MNpQt,20260761
762,Eleanor Davis,student0762@students.local,Student@123,V0p6SoqyWmSIgy8LxNG1GSCF1Gic,20260762
763,Ella Davis,student0763@students.local,Student@123,kVsWvWsCmIAieFGoQxal23GDQNNH,20260763
764,Abigail Davis,student0764@students.local,Student@123,d9SCE48R7yEi86V1KjLyeNmRmCep,20260764
765,Sofia Davis,student0765@students.local,Student@123,slMdnMCBC6o1cMxsSWzufzYPoYQE,20260765
766,Avery Davis,student0766@students.local,Student@123,HXnXrk8EwzWKWxVh2lHBhPaU2fqa,20260766
767,Scarlett Davis,student0767@students.local,Student@123,tIFSM4CyEYikclk7CDtH9WfZoNVO,20260767
768,Emily Davis,student0768@students.local,Student@123,DRgr0Iaf0yPOc63uVaYVUNTvSdO0,20260768
769,Aria Davis,student0769@students.local,Student@123,YBxb2tTrsBK6pZLe059YmbbqUpt5,20260769
770,Penelope Davis,student0770@students.local,Student@123,5zL5HXjiezrfw8UW3zo4ltdYVEdR,20260770
771,Chloe Davis,student0771@students.local,Student@123,gqqYDnJwcMVwT128ZSDea4ZJ6ieq,20260771
772,Layla Davis,student0772@students.local,Student@123,WmB3aLRGSO7Rzv2pfsah8T0q44FW,20260772
773,Mila Davis,student0773@students.local,Student@123,5bTct5y2YaWrYiNqpbUA0S3OBbi5,20260773
774,Nora Davis,student0774@students.local,Student@123,lrjZ9lMw15o5mtv7DH8Pur4cl0TK,20260774
775,Hazel Davis,student0775@students.local,Student@123,2hnzJViV0H4v93Lw2NowKGXWZn7J,20260775
776,Madison Davis,student0776@students.local,Student@123,rGFOyS9ZoOmAIvRaLSYGykPAkOgM,20260776
777,Ellie Davis,student0777@students.local,Student@123,WePsfeULYkHrvpfLhizTNgY2MdaV,20260777
778,Lily Davis,student0778@students.local,Student@123,ssY3QsRs42PR2dLaBc8Q0mvqWZKs,20260778
779,Nova Davis,student0779@students.local,Student@123,uEwZXHsjs4WdjOhapjJnXONSwuY0,20260779
780,Isla Davis,student0780@students.local,Student@123,7Y9wpVPwSxHElHDVfCjt7VpIEedJ,20260780
781,Grace Davis,student0781@students.local,Student@123,KgtYDZCPFGByWhmbyD4ekmILySKv,20260781
782,Violet Davis,student0782@students.local,Student@123,tH4XrPhhBiOiViSrWNBmCEEuHGWo,20260782
783,Aurora Davis,student0783@students.local,Student@123,ucqAx4aup72vbH7L7dpHHLIcT7O8,20260783
784,Riley Davis,student0784@students.local,Student@123,sY9NAi9yEhhrMoUWAOz5Ta0fLDkC,20260784
785,Zoey Davis,student0785@students.local,Student@123,MgJSIQwJ7CSBtHhoNXUd7Jwc6qOY,20260785
786,Willow Davis,student0786@students.local,Student@123,tsScocVrCRgjlNNRRndZubIdijRf,20260786
787,Emilia Davis,student0787@students.local,Student@123,iSigmqy3tCf2f75ln57rAoKnOWxV,20260787
788,Stella Davis,student0788@students.local,Student@123,lMtcE0MygyTuBpzSUwswvqpAaThs,20260788
789,Zoe Davis,student0789@students.local,Student@123,arqYCXrlYoU0tUPNDrOYxgH4zkEF,20260789
790,Victoria Davis,student0790@students.local,Student@123,UfQVfq0qEBWnCAMLA0sZh3m8CVOa,20260790
791,Hannah Davis,student0791@students.local,Student@123,wwW0kFP4hcvVbxXAXiJJ9FeEusbj,20260791
792,Addison Davis,student0792@students.local,Student@123,Huprn75S4Uuhzcv8RnRZjwcORzQD,20260792
793,Leah Davis,student0793@students.local,Student@123,c2l80ctD97DNWW6tCP5eDEGNvEjr,20260793
794,Lucy Davis,student0794@students.local,Student@123,x1kdvnhpfyq9M3lE9g8TZt0Ip9oH,20260794
795,Eliana Davis,student0795@students.local,Student@123,GbY80h3Lc9iEGFCVVt24QTa4jgy1,20260795
796,Ivy Davis,student0796@students.local,Student@123,dAroLcd7wZJ8x8KTimSDRewDcosv,20260796
797,Everly Davis,student0797@students.local,Student@123,hmluCX6smDiUAMVSTuSXTjWvWV1P,20260797
798,Lillian Davis,student0798@students.local,Student@123,AECUIYSZudyRni8s29Q2N2Kyj3xu,20260798
799,Paisley Davis,student0799@students.local,Student@123,5lu3RLxkuy4jUmvTmWHWkfiu1UTm,20260799
800,Natalie Davis,student0800@students.local,Student@123,7D7t24mn2uW8ZLBkJ76t6AryRbGi,20260800
801,Liam Rodriguez,student0801@students.local,Student@123,Vin622LXppBCjvHstgSOMnTaHpA2,20260801
802,Noah Rodriguez,student0802@students.local,Student@123,XFAsyEk1FxMpP4ZMVP1420OCw5Hd,20260802
803,Oliver Rodriguez,student0803@students.local,Student@123,crryALRodXUGQx1cs58wlEAjDuOq,20260803
804,Elijah Rodriguez,student0804@students.local,Student@123,o5n5PslIKOsGjKDuWOXQAKyzAPBu,20260804
805,James Rodriguez,student0805@students.local,Student@123,mv5VIbYyLgl2Gkkz2pXOFDVDucLo,20260805
806,William Rodriguez,student0806@students.local,Student@123,KraQpeuoII9xDXwcjrUz5KmBbf95,20260806
807,Benjamin Rodriguez,student0807@students.local,Student@123,R2Tc2pRTIQC9tbLwu2oqf41JEZgC,20260807
808,Lucas Rodriguez,student0808@students.local,Student@123,02nBKZALfKSUogw5BtnYeKZFn1nE,20260808
809,Henry Rodriguez,student0809@students.local,Student@123,pQF0ts6alm6IKaqcYWyP5Yz1A1I6,20260809
810,Alexander Rodriguez,student0810@students.local,Student@123,C9hT4im4MKZlByPW4RcbDEgexKQo,20260810
811,Mason Rodriguez,student0811@students.local,Student@123,fm9HLjIUbtSlt2lFBZQ4bHlkFytE,20260811
812,Michael Rodriguez,student0812@students.local,Student@123,gbptcrvbZFi3kCaLeVp1XbGgIX8s,20260812
813,Ethan Rodriguez,student0813@students.local,Student@123,33wJjqVkdpfpPWl2uRn1L0QUEbI9,20260813
814,Daniel Rodriguez,student0814@students.local,Student@123,k8tQqs2DbB0URuzfP0xGK0T0FJwz,20260814
815,Jacob Rodriguez,student0815@students.local,Student@123,x3L1dKQctTRRg9ZR2J0ITdTFMhac,20260815
816,Logan Rodriguez,student0816@students.local,Student@123,IvVvEsUcRh23p7zOj2wBZBgUrBIR,20260816
817,Jackson Rodriguez,student0817@students.local,Student@123,KcB54S2Z2XSy3FOxzYO2CdJ3aPuD,20260817
818,Levi Rodriguez,student0818@students.local,Student@123,m3DKzmiLaVtHy9xTMlBADysxxGyE,20260818
819,Sebastian Rodriguez,student0819@students.local,Student@123,8D95ll0ch5w4D8nH7rEi0PR0shy6,20260819
820,Mateo Rodriguez,student0820@students.local,Student@123,LP0IX2nIF5D9z3qE0WunBv6HVWDV,20260820
821,Jack Rodriguez,student0821@students.local,Student@123,85WRD6gqflTq58DaiK94mOZFWA8R,20260821
822,Owen Rodriguez,student0822@students.local,Student@123,DYxKxnLDVTmawcW0bc0kTsvVJFUT,20260822
823,Theodore Rodriguez,student0823@students.local,Student@123,lfuFqPaVDbEKJCA7EFgq0HegEtjI,20260823
824,Aiden Rodriguez,student0824@students.local,Student@123,8gwp5leoTlHcqvRIH2AXeEg7slIR,20260824
825,Samuel Rodriguez,student0825@students.local,Student@123,XhEnBiesFZVctccSpYvlID3sJmpX,20260825
826,Joseph Rodriguez,student0826@students.local,Student@123,aZjulOUi93O3om2LaSuP2WXtB9ZG,20260826
827,John Rodriguez,student0827@students.local,Student@123,Wj4EcdX4TmfaPiBzfgACue6UcPMm,20260827
828,David Rodriguez,student0828@students.local,Student@123,Mjqodvpk5d5WMh8nVPXRVjiBNQmw,20260828
829,Wyatt Rodriguez,student0829@students.local,Student@123,Z6o216Fnli9oSJskrIHTNtGIS3IN,20260829
830,Matthew Rodriguez,student0830@students.local,Student@123,chpyUYgeMDnqR52uHZAtm40x82Xg,20260830
831,Luke Rodriguez,student0831@students.local,Student@123,GcqathRaxPB3KRlGMWP7vOXltdi3,20260831
832,Asher Rodriguez,student0832@students.local,Student@123,q8P4Oe57vvMKriqafQ9zcCr969X9,20260832
833,Carter Rodriguez,student0833@students.local,Student@123,pn72byq91tJGhIYgCtJN102qNR8S,20260833
834,Julian Rodriguez,student0834@students.local,Student@123,0Izs6wNfEUe3uFF8dNGloAJRGDfz,20260834
835,Grayson Rodriguez,student0835@students.local,Student@123,gKJw44dRR2zCt5bjJYcxiEEgaQEH,20260835
836,Leo Rodriguez,student0836@students.local,Student@123,h7fUOHCKN2KM9hadzuDY2rWqRtrR,20260836
837,Jayden Rodriguez,student0837@students.local,Student@123,dGiqH3Ndjsg6bVlJ4L38E6DTJg33,20260837
838,Gabriel Rodriguez,student0838@students.local,Student@123,KaxYcha6Mdvo10S1rG92OT30egk5,20260838
839,Isaac Rodriguez,student0839@students.local,Student@123,LH2bbw8FwG1lEPmKoP5RmHWO2EsO,20260839
840,Lincoln Rodriguez,student0840@students.local,Student@123,iz2kWeTwj08YX6UK2wnY3ZtE1CP5,20260840
841,Anthony Rodriguez,student0841@students.local,Student@123,JAXSGoYB20YzlEKMiW0R43Nqsyv0,20260841
842,Hudson Rodriguez,student0842@students.local,Student@123,pxiOFE2gTvFEDZ30IktKqGcMn5oV,20260842
843,Dylan Rodriguez,student0843@students.local,Student@123,XZW37u3vpAcKCcxjLOYLLEHGy0Rw,20260843
844,Ezra Rodriguez,student0844@students.local,Student@123,J7sczWQ1zaem66iWLw1mdAe2Kilg,20260844
845,Thomas Rodriguez,student0845@students.local,Student@123,M0xUo8slGZfpvrpnOGWZIXxVxuAn,20260845
846,Charles Rodriguez,student0846@students.local,Student@123,bJN3EMH1IT9OeZWwzw3y6HjPHGFY,20260846
847,Christopher Rodriguez,student0847@students.local,Student@123,XdC1DBQgNBH67trZ5NyWOi4r8SPT,20260847
848,Jaxon Rodriguez,student0848@students.local,Student@123,t86g7TEezXdB53ugPRXNVshcGbEe,20260848
849,Maverick Rodriguez,student0849@students.local,Student@123,wmQogglEYitARgEhXVMpvWQxWqJP,20260849
850,Josiah Rodriguez,student0850@students.local,Student@123,osBFqDaV0paJ6gmQmbo6fxaxvhPn,20260850
851,Ava Rodriguez,student0851@students.local,Student@123,L91xveyCAHSxxsBxjs3hR8jH0XsQ,20260851
852,Emma Rodriguez,student0852@students.local,Student@123,O5FTjpSdpR1ClmQNW4lWUhKOu62h,20260852
853,Sophia Rodriguez,student0853@students.local,Student@123,FT0ln7Ux6eCLCZ6KgcxABuXn8oyl,20260853
854,Isabella Rodriguez,student0854@students.local,Student@123,R7SzNVm6ZNSUuIgTk6Vrvn0Y82i8,20260854
855,Mia Rodriguez,student0855@students.local,Student@123,1UYPZag4YpFN7MPn0fGB17iTBhqv,20260855
856,Evelyn Rodriguez,student0856@students.local,Student@123,DE7cVtphezZqbUYUpTdcsO0ivQpl,20260856
857,Harper Rodriguez,student0857@students.local,Student@123,HEjwfGiCX1G9PEvPTHxmVNaJqAsk,20260857
858,Luna Rodriguez,student0858@students.local,Student@123,bl3crXF8QPydU87aPBnGd341MUtb,20260858
859,Camila Rodriguez,student0859@students.local,Student@123,VgwvYvlEL52S2kS4Z1T6r1u2mLdC,20260859
860,Gianna Rodriguez,student0860@students.local,Student@123,xDrcgZWgoCiNBxNWPODirh70fXsz,20260860
861,Elizabeth Rodriguez,student0861@students.local,Student@123,WbEMnIEIYEfWUnJXERXudxWWXNbE,20260861
862,Eleanor Rodriguez,student0862@students.local,Student@123,7jmCipnAxfr9j8CadMNTZRXFIBLz,20260862
863,Ella Rodriguez,student0863@students.local,Student@123,hLViNh1TJviOshZbslWS4jwDdscn,20260863
864,Abigail Rodriguez,student0864@students.local,Student@123,c2Z3CsS6ayk9PvcXjEMeo1h42Tbw,20260864
865,Sofia Rodriguez,student0865@students.local,Student@123,1sdBViaHAhj53qEMwYnkaMOIqJtN,20260865
866,Avery Rodriguez,student0866@students.local,Student@123,gtNRIIpHTn772xDhs3eWxsAorAui,20260866
867,Scarlett Rodriguez,student0867@students.local,Student@123,wSCCCYtMp9s0irdpszUHS2lpqldt,20260867
868,Emily Rodriguez,student0868@students.local,Student@123,WnLcTNHLosauMEJ8bLY1H3gD0lY5,20260868
869,Aria Rodriguez,student0869@students.local,Student@123,abp17pzEczFG43wmWInHpjjEKqea,20260869
870,Penelope Rodriguez,student0870@students.local,Student@123,SS4VgEk2MYTjXXKtmeqifjZIVvNB,20260870
871,Chloe Rodriguez,student0871@students.local,Student@123,DYGNh0ON3QimxwK50SAVjXjX4tOb,20260871
872,Layla Rodriguez,student0872@students.local,Student@123,jBYaWVrJGrS3RZ4RDaL2sh2FxlyX,20260872
873,Mila Rodriguez,student0873@students.local,Student@123,xvx1qn6nTeXalkBbiCHXbXXks9fv,20260873
874,Nora Rodriguez,student0874@students.local,Student@123,n6KvEyxchtilGLM5y4B1UNi5vau0,20260874
875,Hazel Rodriguez,student0875@students.local,Student@123,YR4du9kWgzIBt6Q4Z57cx8oCNFLu,20260875
876,Madison Rodriguez,student0876@students.local,Student@123,ZqixQJzHq5klzsH2KAIZ7wUnacGF,20260876
877,Ellie Rodriguez,student0877@students.local,Student@123,HjGuYMVgAj5iwUvXmTpC8cNil5mO,20260877
878,Lily Rodriguez,student0878@students.local,Student@123,uoclLssYBUn7k2wkxyIUAXs4pSNG,20260878
879,Nova Rodriguez,student0879@students.local,Student@123,G8tVGZ5MzfOJ6MUWw81DIHagbswc,20260879
880,Isla Rodriguez,student0880@students.local,Student@123,EaJ3hx1RcA8e223lERbGcmOwY5U7,20260880
881,Grace Rodriguez,student0881@students.local,Student@123,tgpd5Gwi8mxAjYd5rjIeFnXyhepw,20260881
882,Violet Rodriguez,student0882@students.local,Student@123,GSxV8Qd16wTdjePVlhFVA8vhXDFt,20260882
883,Aurora Rodriguez,student0883@students.local,Student@123,PaYIPpYkRoAddrGUyFJx4vQsWoMj,20260883
884,Riley Rodriguez,student0884@students.local,Student@123,vQX8GtTPjU1vHPPp547V7sLTETUV,20260884
885,Zoey Rodriguez,student0885@students.local,Student@123,aJ8kvUbsXurNWkPUL71IO07gCsAQ,20260885
886,Willow Rodriguez,student0886@students.local,Student@123,aEZLuSCwfd37ZkDyLnTsYcJjcFPy,20260886
887,Emilia Rodriguez,student0887@students.local,Student@123,tR6p5yld6VW41psrwJCPyFAQNo7S,20260887
888,Stella Rodriguez,student0888@students.local,Student@123,Fofi6UUTMdPOGkOQkk7stp1BnD7s,20260888
889,Zoe Rodriguez,student0889@students.local,Student@123,1P3vtUjzbhTJMbnEV2XglSaLqZWf,20260889
890,Victoria Rodriguez,student0890@students.local,Student@123,dcuMnm7W3lGCphtd8yExFjlvd3IW,20260890
891,Hannah Rodriguez,student0891@students.local,Student@123,3YKhPbLPdheidKtiwdIF020mQRLK,20260891
892,Addison Rodriguez,student0892@students.local,Student@123,HI6iZs8xTRM8RJdQZHgiuzv7eGpP,20260892
893,Leah Rodriguez,student0893@students.local,Student@123,sqfwk2184bifD3bY6ZrMIaninKnV,20260893
894,Lucy Rodriguez,student0894@students.local,Student@123,V0YBra7w3glxaOhRPdnPwnB6rZ1P,20260894
895,Eliana Rodriguez,student0895@students.local,Student@123,L6jNmzg4jwpWjDEwDtYBuG1jS20o,20260895
896,Ivy Rodriguez,student0896@students.local,Student@123,es8aUsJNJznziOA4BDFiERoCTp5h,20260896
897,Everly Rodriguez,student0897@students.local,Student@123,hC2yhksAukYi3nKdeTQtyGZfXn1L,20260897
898,Lillian Rodriguez,student0898@students.local,Student@123,AHHeqaXasjZjlxWDMU3xVjQjYX4B,20260898
899,Paisley Rodriguez,student0899@students.local,Student@123,s0wkDvznjRfl2bPsJ1mPAsjdKkal,20260899
900,Natalie Rodriguez,student0900@students.local,Student@123,vzfrVBSlUYHZJ4wdylblZgJWVJ4I,20260900
901,Liam Martinez,student0901@students.local,Student@123,NxzfXqO3u5Lp2YryHEtAvAaAmZKk,20260901
902,Noah Martinez,student0902@students.local,Student@123,HYfsPZiUNJrKFJju6B1zibt47s5L,20260902
903,Oliver Martinez,student0903@students.local,Student@123,smtYhHxGt8eKmnvz9XOybpRw9jFF,20260903
904,Elijah Martinez,student0904@students.local,Student@123,RLEDwCH2VIYFLn1NDhtWKP3JezIK,20260904
905,James Martinez,student0905@students.local,Student@123,r5e8moewStetmMuImfzBOXNQdEFv,20260905
906,William Martinez,student0906@students.local,Student@123,K9dNEAuxWXdOdvJ089jMvPaZJExn,20260906
907,Benjamin Martinez,student0907@students.local,Student@123,p93Dg751nuXIgt5LGB0jrgi57pxi,20260907
908,Lucas Martinez,student0908@students.local,Student@123,C4beuDzS8EXNVUcpXsLPZee2xVMd,20260908
909,Henry Martinez,student0909@students.local,Student@123,7bymi55V9LVVIYtPTLQ4yAf8OZmt,20260909
910,Alexander Martinez,student0910@students.local,Student@123,qiA5VUxYioTpHSAsMsluMqSNBrqT,20260910
911,Mason Martinez,student0911@students.local,Student@123,9VZvIibc3xYnH9atcHK61l0736jy,20260911
912,Michael Martinez,student0912@students.local,Student@123,UYSJ2T10PCYEuWBepDW5iU4VkhcN,20260912
913,Ethan Martinez,student0913@students.local,Student@123,4qvI1JnDyagycuuDeBRC8mlc7egA,20260913
914,Daniel Martinez,student0914@students.local,Student@123,rYO1I623khRXD4tSngWTWGWz3o7w,20260914
915,Jacob Martinez,student0915@students.local,Student@123,AAG0xHf1wIV8pg2GaNjU4O4Iy58J,20260915
916,Logan Martinez,student0916@students.local,Student@123,WtzaKCwFoWFdniVtquUnI7tDSobt,20260916
917,Jackson Martinez,student0917@students.local,Student@123,QqjroC1KhelqtpdmINWqtdLVJ7if,20260917
918,Levi Martinez,student0918@students.local,Student@123,hOxozm3mR9SWu0VdXBCNyokBj9Om,20260918
919,Sebastian Martinez,student0919@students.local,Student@123,MD2mxEAVZA7q7YfAVIB4gIUntFQ8,20260919
920,Mateo Martinez,student0920@students.local,Student@123,4QBog0DXJPFr1ezPWyQC64Me3AUD,20260920
921,Jack Martinez,student0921@students.local,Student@123,L7COa0VKobhID4TypWfwNq7kZPCp,20260921
922,Owen Martinez,student0922@students.local,Student@123,eW6mdnfyw3Pj0BiHXSJAjNLbm1Jc,20260922
923,Theodore Martinez,student0923@students.local,Student@123,vyMuN4t5iYzNFX3gyWrHQpN616ka,20260923
924,Aiden Martinez,student0924@students.local,Student@123,KvSjENGTuwdlHO6wn2vIFR7ywOBX,20260924
925,Samuel Martinez,student0925@students.local,Student@123,ftdaO1XoaeXd1Zda15goQFfKOzFQ,20260925
926,Joseph Martinez,student0926@students.local,Student@123,iV4NX7YvlUkabRH7rSoG0vcYdWqg,20260926
927,John Martinez,student0927@students.local,Student@123,hU1bfk8osC6z8gxherGRTzrgpP95,20260927
928,David Martinez,student0928@students.local,Student@123,4WWUaxNjarzaIxfPyHaROGMcq2pM,20260928
929,Wyatt Martinez,student0929@students.local,Student@123,0cMzQ0xOrqXVMbgmtAIUJjRlc5A5,20260929
930,Matthew Martinez,student0930@students.local,Student@123,CjVaMIgZEFcNuD4meLNfDWGpAW9a,20260930
931,Luke Martinez,student0931@students.local,Student@123,Kcub27F11qEGfR0rlplOevaNRvyr,20260931
932,Asher Martinez,student0932@students.local,Student@123,o5xIFi2o8rEuQcVU5swTJMF8OUpN,20260932
933,Carter Martinez,student0933@students.local,Student@123,CrUFlQp8gpp6bk481of03MP66kLp,20260933
934,Julian Martinez,student0934@students.local,Student@123,1X2zODGe8QRdZXjMqjLM7gTYdw6y,20260934
935,Grayson Martinez,student0935@students.local,Student@123,R84NBAwSwRbGSvJZptMKeqGhyi3Z,20260935
936,Leo Martinez,student0936@students.local,Student@123,Z6JrhqNmz7SxQ4nbuDJBtO2RV6Ms,20260936
937,Jayden Martinez,student0937@students.local,Student@123,tZWy6IW9V6KO5k2Ye4LfTLLxuKF8,20260937
938,Gabriel Martinez,student0938@students.local,Student@123,fIiZh7es0YafGSfbtRg88Bwdoy7d,20260938
939,Isaac Martinez,student0939@students.local,Student@123,5rECVDcHNrrCCmUHmuZh9I3nY9YN,20260939
940,Lincoln Martinez,student0940@students.local,Student@123,JNE4Z5hkHjNZ6vwl59YjNgc8uuDX,20260940
941,Anthony Martinez,student0941@students.local,Student@123,hljm0vUtAqldGUt8dYy8aKI4R38U,20260941
942,Hudson Martinez,student0942@students.local,Student@123,4n6DU4Wwq9biSqhwdBpB9x5pjNjm,20260942
943,Dylan Martinez,student0943@students.local,Student@123,s4yG99AyUEgK7gYisLQjVEPBfGPo,20260943
944,Ezra Martinez,student0944@students.local,Student@123,YIrQCjQw70nQvaBvlg6XpRogWQj4,20260944
945,Thomas Martinez,student0945@students.local,Student@123,v5dU1NObAixxTrItHYffyopCtQK0,20260945
946,Charles Martinez,student0946@students.local,Student@123,Mb4RlQB89fbDyEEUo9XGzFY7COc3,20260946
947,Christopher Martinez,student0947@students.local,Student@123,hr5oPigatxkYhPMteBHYTizwedua,20260947
948,Jaxon Martinez,student0948@students.local,Student@123,yAxfOXTV4gnHf6l2tpK9sYBNW4Zx,20260948
949,Maverick Martinez,student0949@students.local,Student@123,W46cHyaFPkZIxAc7rkcmfNcfvE9g,20260949
950,Josiah Martinez,student0950@students.local,Student@123,OqAXWUejpeZqQp48zADNaT4FLfks,20260950
951,Ava Martinez,student0951@students.local,Student@123,oYXkE1eywdThPiudPMS8kQTCeoBj,20260951
952,Emma Martinez,student0952@students.local,Student@123,HRgsA6DWUGTnX3qfr0Ze2nBoPbrt,20260952
953,Sophia Martinez,student0953@students.local,Student@123,EuojvAfMvT96eFeUkb7MHLtLlz0M,20260953
954,Isabella Martinez,student0954@students.local,Student@123,K8Lp6VWkF90jfvEMTo6NsnsgdLax,20260954
955,Mia Martinez,student0955@students.local,Student@123,PIeUej1aNiaGtXY7L0yX0V94eVbP,20260955
956,Evelyn Martinez,student0956@students.local,Student@123,V8zKTh2JRR5GaBIrSsbexQXjDYm0,20260956
957,Harper Martinez,student0957@students.local,Student@123,gOZW3c1DFmeMDdTZ2s9JKnvbhbgo,20260957
958,Luna Martinez,student0958@students.local,Student@123,qIo6BfTFoyCtL63ej7QBMFby2OiQ,20260958
959,Camila Martinez,student0959@students.local,Student@123,Fw6i9iylSmULYpB92rhSg1hBoyd2,20260959
960,Gianna Martinez,student0960@students.local,Student@123,mo3rZ2oPzv23ONyKpdWMvr8xvepX,20260960
961,Elizabeth Martinez,student0961@students.local,Student@123,gEzdoC5NkZWFWAGfm61TNwdMjQxS,20260961
962,Eleanor Martinez,student0962@students.local,Student@123,q8aV0wgkon9t6qvJTOmekUXMWkEa,20260962
963,Ella Martinez,student0963@students.local,Student@123,DYfdnaTqhdAeCitc6wZY8D00dT6l,20260963
964,Abigail Martinez,student0964@students.local,Student@123,x3psOZWLMu9uOt2AuBhzOwWyfQpX,20260964
965,Sofia Martinez,student0965@students.local,Student@123,vK01IGHJlkieG1jboaL6BxdOHiV9,20260965
966,Avery Martinez,student0966@students.local,Student@123,HAchwFP807zOVuziTgJ6lEgBiopa,20260966
967,Scarlett Martinez,student0967@students.local,Student@123,eujaLO3cDNf54vh4fqBJPdOtbWDy,20260967
968,Emily Martinez,student0968@students.local,Student@123,ABzEN0hqSE97FMdbWgGmK52t9Uxa,20260968
969,Aria Martinez,student0969@students.local,Student@123,bVNdg0CdVuqENZgbOWjyQWqr5c3q,20260969
970,Penelope Martinez,student0970@students.local,Student@123,9HebfZmfxwwZsg5DNsdvREZue88O,20260970
971,Chloe Martinez,student0971@students.local,Student@123,febQ2SBoPd1gHdtUxlv8kAoFgEmK,20260971
972,Layla Martinez,student0972@students.local,Student@123,tFIvwcH2M8YwzFIHkFjmEKbiuJHR,20260972
973,Mila Martinez,student0973@students.local,Student@123,G1IsFuClFc8IuVB24L9OvcOd3GtW,20260973
974,Nora Martinez,student0974@students.local,Student@123,GfnyWAAMHpJl0kzLZoRqcdxpIdqb,20260974
975,Hazel Martinez,student0975@students.local,Student@123,MMvbgr9r5FSrA97HaJbtCzGHEo9b,20260975
976,Madison Martinez,student0976@students.local,Student@123,nEXE9MWwkGhkslbSr7Aek7pyCP6p,20260976
977,Ellie Martinez,student0977@students.local,Student@123,cktJwzVx1yACh4gmI8RSMw7pi1a0,20260977
978,Lily Martinez,student0978@students.local,Student@123,VDF679JXX2opF3PORDcRg2VP1tvf,20260978
979,Nova Martinez,student0979@students.local,Student@123,NsUWxdCrIZlCPGgucIMp0SCnTjFJ,20260979
980,Isla Martinez,student0980@students.local,Student@123,5X40s1HfQdseDT1AS3C9P4tEzy4Q,20260980
981,Grace Martinez,student0981@students.local,Student@123,dg4UFWKNW9flNyVeBxA8DUV11Fmh,20260981
982,Violet Martinez,student0982@students.local,Student@123,eXbdqoSPJIwcQuj4uCZKyOOMjdKM,20260982
983,Aurora Martinez,student0983@students.local,Student@123,yTDQNlNdo9brIvSLbYa707EFKgrO,20260983
984,Riley Martinez,student0984@students.local,Student@123,i0TiOv8dvsybtVMmpWITRpFLrko5,20260984
985,Zoey Martinez,student0985@students.local,Student@123,S1seWfF8ZHDF8PJqa4mAb0Aulo5W,20260985
986,Willow Martinez,student0986@students.local,Student@123,dmns6ZIo018pNijHmnKhiY5zgyib,20260986
987,Emilia Martinez,student0987@students.local,Student@123,Jhi5kTDjFa8iKAOdH7LvCNcMKdEv,20260987
988,Stella Martinez,student0988@students.local,Student@123,N2UHR1w2SNT3R0vPktcQV28mDJvf,20260988
989,Zoe Martinez,student0989@students.local,Student@123,oumqGgS03cuJ9GvEHWffVI7W1LId,20260989
990,Victoria Martinez,student0990@students.local,Student@123,CZVdY7zhQyspb2nZPQ601X4DZQN3,20260990
991,Hannah Martinez,student0991@students.local,Student@123,mRRF2BrC83Fhze0jSyoYjiuDH826,20260991
992,Addison Martinez,student0992@students.local,Student@123,UB83mfZPNLuqoLfqQGMudyfsCaDC,20260992
993,Leah Martinez,student0993@students.local,Student@123,BJ67DyQO93GPvKQff9iXvDejAf29,20260993
994,Lucy Martinez,student0994@students.local,Student@123,hPOVju8IrYWpVPgxpsnzTu1GvzvD,20260994
995,Eliana Martinez,student0995@students.local,Student@123,1iyTEofA8GqgY6jzuKQTlalHkrTZ,20260995
996,Ivy Martinez,student0996@students.local,Student@123,2rWDxfSdIgiz3QexznsD7IbDu3gA,20260996
997,Everly Martinez,student0997@students.local,Student@123,2xJQ3w7KM3jGFUlfKBTmdZlF0J6M,20260997
998,Lillian Martinez,student0998@students.local,Student@123,u9ECvg0E6T8dWwgNdaC7sRIa6g4T,20260998
999,Paisley Martinez,student0999@students.local,Student@123,t3NJMeOwUApxp33bmPSMq2NnvMA0,20260999
1000,Natalie Martinez,student1000@students.local,Student@123,xrFMnZTsn03V5F9aQF9siaR9Z7uO,20261000
